source_framework,source_ref,source_type,source_title,source_description,target_framework,target_ref,target_type,target_title,target_description,scope,rationale
ISO27001:2022,A.5.1,annex_control,Policies for information security,,KEEN-AF:1.0,GOV-105,custom,Policies for information security,"Information security policy and topic-specific policies shall be defined, approved by management, published, communicated to and acknowledged by relevant personnel and relevant interested parties, and reviewed at planned intervals and if significant changes occur.",same-topic,Same control topic in the shipped catalogues. Review the evidence scope and implementation for the target; this link does not confer compliance.
KEEN-AF:1.0,GOV-105,custom,Policies for information security,"Information security policy and topic-specific policies shall be defined, approved by management, published, communicated to and acknowledged by relevant personnel and relevant interested parties, and reviewed at planned intervals and if significant changes occur.",ISO27001:2022,A.5.1,annex_control,Policies for information security,,same-topic,Same control topic in the shipped catalogues. Review the evidence scope and implementation for the target; this link does not confer compliance.
ISO27001:2022,A.5.2,annex_control,Information security roles and responsibilities,,KEEN-AF:1.0,HRS-54,custom,Information security roles and responsibilities,Information security roles and responsibilities shall be defined and allocated according to the organization needs.,same-topic,Same control topic in the shipped catalogues. Review the evidence scope and implementation for the target; this link does not confer compliance.
KEEN-AF:1.0,HRS-54,custom,Information security roles and responsibilities,Information security roles and responsibilities shall be defined and allocated according to the organization needs.,ISO27001:2022,A.5.2,annex_control,Information security roles and responsibilities,,same-topic,Same control topic in the shipped catalogues. Review the evidence scope and implementation for the target; this link does not confer compliance.
ISO27001:2022,A.5.3,annex_control,Segregation of duties,,KEEN-AF:1.0,HRS-55,custom,Segregation of duties,Conflicting duties and conflicting areas of responsibility shall be segregated.,same-topic,Same control topic in the shipped catalogues. Review the evidence scope and implementation for the target; this link does not confer compliance.
KEEN-AF:1.0,HRS-55,custom,Segregation of duties,Conflicting duties and conflicting areas of responsibility shall be segregated.,ISO27001:2022,A.5.3,annex_control,Segregation of duties,,same-topic,Same control topic in the shipped catalogues. Review the evidence scope and implementation for the target; this link does not confer compliance.
ISO27001:2022,A.5.4,annex_control,Management responsibilities,,KEEN-AF:1.0,GOV-106,custom,Management responsibilities,"Management shall require all personnel to apply information security in accordance with the established information security policy, topic-specific policies and procedures of the organization.",same-topic,Same control topic in the shipped catalogues. Review the evidence scope and implementation for the target; this link does not confer compliance.
KEEN-AF:1.0,GOV-106,custom,Management responsibilities,"Management shall require all personnel to apply information security in accordance with the established information security policy, topic-specific policies and procedures of the organization.",ISO27001:2022,A.5.4,annex_control,Management responsibilities,,same-topic,Same control topic in the shipped catalogues. Review the evidence scope and implementation for the target; this link does not confer compliance.
ISO27001:2022,A.5.5,annex_control,Contact with authorities,,KEEN-AF:1.0,GOV-107,custom,Contact with authorities,The organization shall establish and maintain contact with relevant authorities.,same-topic,Same control topic in the shipped catalogues. Review the evidence scope and implementation for the target; this link does not confer compliance.
KEEN-AF:1.0,GOV-107,custom,Contact with authorities,The organization shall establish and maintain contact with relevant authorities.,ISO27001:2022,A.5.5,annex_control,Contact with authorities,,same-topic,Same control topic in the shipped catalogues. Review the evidence scope and implementation for the target; this link does not confer compliance.
ISO27001:2022,A.5.6,annex_control,Contact with special interest groups,,KEEN-AF:1.0,GOV-108,custom,Contact with special interest groups,The organization shall establish and maintain contact with special interest groups or other specialist security forums and professional associations.,same-topic,Same control topic in the shipped catalogues. Review the evidence scope and implementation for the target; this link does not confer compliance.
KEEN-AF:1.0,GOV-108,custom,Contact with special interest groups,The organization shall establish and maintain contact with special interest groups or other specialist security forums and professional associations.,ISO27001:2022,A.5.6,annex_control,Contact with special interest groups,,same-topic,Same control topic in the shipped catalogues. Review the evidence scope and implementation for the target; this link does not confer compliance.
ISO27001:2022,A.5.7,annex_control,Threat intelligence,,KEEN-AF:1.0,THR-13,custom,Threat Intelligence,Information relating to information security threats shall be collected and analyzed to produce threat intelligence.,same-topic,Same control topic in the shipped catalogues. Review the evidence scope and implementation for the target; this link does not confer compliance.
KEEN-AF:1.0,THR-13,custom,Threat Intelligence,Information relating to information security threats shall be collected and analyzed to produce threat intelligence.,ISO27001:2022,A.5.7,annex_control,Threat intelligence,,same-topic,Same control topic in the shipped catalogues. Review the evidence scope and implementation for the target; this link does not confer compliance.
ISO27001:2022,A.5.8,annex_control,Information security in project management,,KEEN-AF:1.0,PRM-14,custom,Information security in project management,Information security shall be integrated into project management.,same-topic,Same control topic in the shipped catalogues. Review the evidence scope and implementation for the target; this link does not confer compliance.
KEEN-AF:1.0,PRM-14,custom,Information security in project management,Information security shall be integrated into project management.,ISO27001:2022,A.5.8,annex_control,Information security in project management,,same-topic,Same control topic in the shipped catalogues. Review the evidence scope and implementation for the target; this link does not confer compliance.
ISO27001:2022,A.5.9,annex_control,Inventory of information and other associated assets,,KEEN-AF:1.0,AST-66,custom,Inventory of information and other associated assets,"An inventory of information and other associated assets, including owners, shall be developed and maintained.",same-topic,Same control topic in the shipped catalogues. Review the evidence scope and implementation for the target; this link does not confer compliance.
KEEN-AF:1.0,AST-66,custom,Inventory of information and other associated assets,"An inventory of information and other associated assets, including owners, shall be developed and maintained.",ISO27001:2022,A.5.9,annex_control,Inventory of information and other associated assets,,same-topic,Same control topic in the shipped catalogues. Review the evidence scope and implementation for the target; this link does not confer compliance.
ISO27001:2022,A.5.10,annex_control,Acceptable use of information and other associated assets,,KEEN-AF:1.0,DCH-106,custom,Acceptable use of information and other associated assets,"Rules for the acceptable use and procedures for handling information and other associated assets shall be identified, documented and implemented.",same-topic,Same control topic in the shipped catalogues. Review the evidence scope and implementation for the target; this link does not confer compliance.
KEEN-AF:1.0,DCH-106,custom,Acceptable use of information and other associated assets,"Rules for the acceptable use and procedures for handling information and other associated assets shall be identified, documented and implemented.",ISO27001:2022,A.5.10,annex_control,Acceptable use of information and other associated assets,,same-topic,Same control topic in the shipped catalogues. Review the evidence scope and implementation for the target; this link does not confer compliance.
ISO27001:2022,A.5.11,annex_control,Return of assets,,KEEN-AF:1.0,AST-67,custom,Return of assets,"Personnel and other interested parties as appropriate shall return all the organization‚Äôs assets in their possession upon change or termination of their employment, contract or agreement.",same-topic,Same control topic in the shipped catalogues. Review the evidence scope and implementation for the target; this link does not confer compliance.
KEEN-AF:1.0,AST-67,custom,Return of assets,"Personnel and other interested parties as appropriate shall return all the organization‚Äôs assets in their possession upon change or termination of their employment, contract or agreement.",ISO27001:2022,A.5.11,annex_control,Return of assets,,same-topic,Same control topic in the shipped catalogues. Review the evidence scope and implementation for the target; this link does not confer compliance.
ISO27001:2022,A.5.12,annex_control,Classification of information,,KEEN-AF:1.0,DCH-107,custom,Classification of information,"Information shall be classified according to the information security needs of the organization based on confidentiality, integrity, availability and relevant interested party requirements.",same-topic,Same control topic in the shipped catalogues. Review the evidence scope and implementation for the target; this link does not confer compliance.
KEEN-AF:1.0,DCH-107,custom,Classification of information,"Information shall be classified according to the information security needs of the organization based on confidentiality, integrity, availability and relevant interested party requirements.",ISO27001:2022,A.5.12,annex_control,Classification of information,,same-topic,Same control topic in the shipped catalogues. Review the evidence scope and implementation for the target; this link does not confer compliance.
ISO27001:2022,A.5.13,annex_control,Labelling of information,,KEEN-AF:1.0,DCH-108,custom,Labelling of information,An appropriate set of procedures for information labelling shall be developed and implemented in accordance with the information classification scheme adopted by the organization.,same-topic,Same control topic in the shipped catalogues. Review the evidence scope and implementation for the target; this link does not confer compliance.
KEEN-AF:1.0,DCH-108,custom,Labelling of information,An appropriate set of procedures for information labelling shall be developed and implemented in accordance with the information classification scheme adopted by the organization.,ISO27001:2022,A.5.13,annex_control,Labelling of information,,same-topic,Same control topic in the shipped catalogues. Review the evidence scope and implementation for the target; this link does not confer compliance.
ISO27001:2022,A.5.14,annex_control,Information transfer,,KEEN-AF:1.0,CRY-91,custom,Information transfer,"Information transfer rules, procedures, or agreements shall be in place for all types of transfer facilities within the organization and between the organization and other parties.",same-topic,Same control topic in the shipped catalogues. Review the evidence scope and implementation for the target; this link does not confer compliance.
KEEN-AF:1.0,CRY-91,custom,Information transfer,"Information transfer rules, procedures, or agreements shall be in place for all types of transfer facilities within the organization and between the organization and other parties.",ISO27001:2022,A.5.14,annex_control,Information transfer,,same-topic,Same control topic in the shipped catalogues. Review the evidence scope and implementation for the target; this link does not confer compliance.
ISO27001:2022,A.5.15,annex_control,Access control,,KEEN-AF:1.0,IAC-197,custom,Access control,Rules to control physical and logical access to information and other associated assets shall be established and implemented based on business and information security requirements.,same-topic,Same control topic in the shipped catalogues. Review the evidence scope and implementation for the target; this link does not confer compliance.
KEEN-AF:1.0,IAC-197,custom,Access control,Rules to control physical and logical access to information and other associated assets shall be established and implemented based on business and information security requirements.,ISO27001:2022,A.5.15,annex_control,Access control,,same-topic,Same control topic in the shipped catalogues. Review the evidence scope and implementation for the target; this link does not confer compliance.
ISO27001:2022,A.5.16,annex_control,Identity management,,KEEN-AF:1.0,IAC-198,custom,Identity management,The full life cycle of identities shall be managed.,same-topic,Same control topic in the shipped catalogues. Review the evidence scope and implementation for the target; this link does not confer compliance.
KEEN-AF:1.0,IAC-198,custom,Identity management,The full life cycle of identities shall be managed.,ISO27001:2022,A.5.16,annex_control,Identity management,,same-topic,Same control topic in the shipped catalogues. Review the evidence scope and implementation for the target; this link does not confer compliance.
ISO27001:2022,A.5.17,annex_control,Authentication information,,KEEN-AF:1.0,IAC-199,custom,Authentication information,"Allocation and management of authentication information shall be controlled by a management process, including advising personnel on the appropriate handling of authentication information.",same-topic,Same control topic in the shipped catalogues. Review the evidence scope and implementation for the target; this link does not confer compliance.
KEEN-AF:1.0,IAC-199,custom,Authentication information,"Allocation and management of authentication information shall be controlled by a management process, including advising personnel on the appropriate handling of authentication information.",ISO27001:2022,A.5.17,annex_control,Authentication information,,same-topic,Same control topic in the shipped catalogues. Review the evidence scope and implementation for the target; this link does not confer compliance.
ISO27001:2022,A.5.18,annex_control,Access rights,,KEEN-AF:1.0,IAC-200,custom,Access rights,"Access rights to information and other associated assets shall be provisioned, reviewed, modified and removed in accordance with the organization‚Äôs topic-specific policy on and rules for access control.",same-topic,Same control topic in the shipped catalogues. Review the evidence scope and implementation for the target; this link does not confer compliance.
KEEN-AF:1.0,IAC-200,custom,Access rights,"Access rights to information and other associated assets shall be provisioned, reviewed, modified and removed in accordance with the organization‚Äôs topic-specific policy on and rules for access control.",ISO27001:2022,A.5.18,annex_control,Access rights,,same-topic,Same control topic in the shipped catalogues. Review the evidence scope and implementation for the target; this link does not confer compliance.
ISO27001:2022,A.5.19,annex_control,Information security in supplier relationships,,KEEN-AF:1.0,TPM-53,custom,Information security in supplier relationships,Processes and procedures shall be defined and implemented to manage the information security risks associated with the use of supplier‚Äôs products or services.,same-topic,Same control topic in the shipped catalogues. Review the evidence scope and implementation for the target; this link does not confer compliance.
KEEN-AF:1.0,TPM-53,custom,Information security in supplier relationships,Processes and procedures shall be defined and implemented to manage the information security risks associated with the use of supplier‚Äôs products or services.,ISO27001:2022,A.5.19,annex_control,Information security in supplier relationships,,same-topic,Same control topic in the shipped catalogues. Review the evidence scope and implementation for the target; this link does not confer compliance.
ISO27001:2022,A.5.20,annex_control,Addressing information security within supplier agreements,,KEEN-AF:1.0,IRO-90,custom,Addressing information security within supplier agreements,Relevant information security requirements shall be established and agreed with each supplier based on the type of supplier relationship.,same-topic,Same control topic in the shipped catalogues. Review the evidence scope and implementation for the target; this link does not confer compliance.
KEEN-AF:1.0,IRO-90,custom,Addressing information security within supplier agreements,Relevant information security requirements shall be established and agreed with each supplier based on the type of supplier relationship.,ISO27001:2022,A.5.20,annex_control,Addressing information security within supplier agreements,,same-topic,Same control topic in the shipped catalogues. Review the evidence scope and implementation for the target; this link does not confer compliance.
ISO27001:2022,A.5.21,annex_control,Managing information security in the ICT supply chain,,KEEN-AF:1.0,TPM-54,custom,Managing information security in the ICT supply chain,Processes and procedures shall be defined and implemented to manage the information security risks associated with the ICT products and services supply chain.,same-topic,Same control topic in the shipped catalogues. Review the evidence scope and implementation for the target; this link does not confer compliance.
KEEN-AF:1.0,TPM-54,custom,Managing information security in the ICT supply chain,Processes and procedures shall be defined and implemented to manage the information security risks associated with the ICT products and services supply chain.,ISO27001:2022,A.5.21,annex_control,Managing information security in the ICT supply chain,,same-topic,Same control topic in the shipped catalogues. Review the evidence scope and implementation for the target; this link does not confer compliance.
ISO27001:2022,A.5.22,annex_control,"Monitoring, review and change management of supplier services",,KEEN-AF:1.0,TPM-55,custom,"Monitoring, review and change management of supplier services","The organization shall regularly monitor, review, evaluate and manage change in supplier information security practices and service delivery.",same-topic,Same control topic in the shipped catalogues. Review the evidence scope and implementation for the target; this link does not confer compliance.
KEEN-AF:1.0,TPM-55,custom,"Monitoring, review and change management of supplier services","The organization shall regularly monitor, review, evaluate and manage change in supplier information security practices and service delivery.",ISO27001:2022,A.5.22,annex_control,"Monitoring, review and change management of supplier services",,same-topic,Same control topic in the shipped catalogues. Review the evidence scope and implementation for the target; this link does not confer compliance.
ISO27001:2022,A.5.23,annex_control,Information security for use of cloud services,,KEEN-AF:1.0,CLD-7,custom,Information security for use of cloud services,"Processes for acquisition, use, management and exit from cloud services shall be established in accordance with the organization‚Äôs information security requirements.",same-topic,Same control topic in the shipped catalogues. Review the evidence scope and implementation for the target; this link does not confer compliance.
KEEN-AF:1.0,CLD-7,custom,Information security for use of cloud services,"Processes for acquisition, use, management and exit from cloud services shall be established in accordance with the organization‚Äôs information security requirements.",ISO27001:2022,A.5.23,annex_control,Information security for use of cloud services,,same-topic,Same control topic in the shipped catalogues. Review the evidence scope and implementation for the target; this link does not confer compliance.
ISO27001:2022,A.5.24,annex_control,Information security incident management planning and preparation,,KEEN-AF:1.0,IRO-91,custom,Information security incident management planning and preparation,"The organization shall plan and prepare for managing information security incidents by defining, establishing and communicating information security incident management processes, roles and responsibilities.",same-topic,Same control topic in the shipped catalogues. Review the evidence scope and implementation for the target; this link does not confer compliance.
KEEN-AF:1.0,IRO-91,custom,Information security incident management planning and preparation,"The organization shall plan and prepare for managing information security incidents by defining, establishing and communicating information security incident management processes, roles and responsibilities.",ISO27001:2022,A.5.24,annex_control,Information security incident management planning and preparation,,same-topic,Same control topic in the shipped catalogues. Review the evidence scope and implementation for the target; this link does not confer compliance.
ISO27001:2022,A.5.25,annex_control,Assessment and decision on information security events,,KEEN-AF:1.0,IRO-92,custom,Assessment and decision on information security events,The organization shall assess information security events and decide if they are to be categorized as information security incidents.,same-topic,Same control topic in the shipped catalogues. Review the evidence scope and implementation for the target; this link does not confer compliance.
KEEN-AF:1.0,IRO-92,custom,Assessment and decision on information security events,The organization shall assess information security events and decide if they are to be categorized as information security incidents.,ISO27001:2022,A.5.25,annex_control,Assessment and decision on information security events,,same-topic,Same control topic in the shipped catalogues. Review the evidence scope and implementation for the target; this link does not confer compliance.
ISO27001:2022,A.5.26,annex_control,Response to information security incidents,,KEEN-AF:1.0,IRO-93,custom,Response to information security incidents,Information security incidents shall be responded to in accordance with the documented procedures.,same-topic,Same control topic in the shipped catalogues. Review the evidence scope and implementation for the target; this link does not confer compliance.
KEEN-AF:1.0,IRO-93,custom,Response to information security incidents,Information security incidents shall be responded to in accordance with the documented procedures.,ISO27001:2022,A.5.26,annex_control,Response to information security incidents,,same-topic,Same control topic in the shipped catalogues. Review the evidence scope and implementation for the target; this link does not confer compliance.
ISO27001:2022,A.5.27,annex_control,Learning from information security incidents,,KEEN-AF:1.0,IRO-94,custom,Learning from information security incidents,Knowledge gained from information security incidents shall be used to strengthen and improve the information security controls.,same-topic,Same control topic in the shipped catalogues. Review the evidence scope and implementation for the target; this link does not confer compliance.
KEEN-AF:1.0,IRO-94,custom,Learning from information security incidents,Knowledge gained from information security incidents shall be used to strengthen and improve the information security controls.,ISO27001:2022,A.5.27,annex_control,Learning from information security incidents,,same-topic,Same control topic in the shipped catalogues. Review the evidence scope and implementation for the target; this link does not confer compliance.
ISO27001:2022,A.5.28,annex_control,Collection of evidence,,KEEN-AF:1.0,IRO-95,custom,Collection of evidence,"The organization shall establish and implement procedures for the identification, collection, acquisition and preservation of evidence related to information security events.",same-topic,Same control topic in the shipped catalogues. Review the evidence scope and implementation for the target; this link does not confer compliance.
KEEN-AF:1.0,IRO-95,custom,Collection of evidence,"The organization shall establish and implement procedures for the identification, collection, acquisition and preservation of evidence related to information security events.",ISO27001:2022,A.5.28,annex_control,Collection of evidence,,same-topic,Same control topic in the shipped catalogues. Review the evidence scope and implementation for the target; this link does not confer compliance.
ISO27001:2022,A.5.29,annex_control,Information security during disruption,,KEEN-AF:1.0,IRO-96,custom,Information security during disruption,The organization shall plan how to maintain information security at an appropriate level during disruption.,same-topic,Same control topic in the shipped catalogues. Review the evidence scope and implementation for the target; this link does not confer compliance.
KEEN-AF:1.0,IRO-96,custom,Information security during disruption,The organization shall plan how to maintain information security at an appropriate level during disruption.,ISO27001:2022,A.5.29,annex_control,Information security during disruption,,same-topic,Same control topic in the shipped catalogues. Review the evidence scope and implementation for the target; this link does not confer compliance.
ISO27001:2022,A.5.30,annex_control,ICT readiness for business continuity,,KEEN-AF:1.0,BCD-68,custom,ICT readiness for business continuity,"ICT readiness shall be planned, implemented, maintained and tested based on business continuity objectives and ICT continuity requirements.",same-topic,Same control topic in the shipped catalogues. Review the evidence scope and implementation for the target; this link does not confer compliance.
KEEN-AF:1.0,BCD-68,custom,ICT readiness for business continuity,"ICT readiness shall be planned, implemented, maintained and tested based on business continuity objectives and ICT continuity requirements.",ISO27001:2022,A.5.30,annex_control,ICT readiness for business continuity,,same-topic,Same control topic in the shipped catalogues. Review the evidence scope and implementation for the target; this link does not confer compliance.
ISO27001:2022,A.5.31,annex_control,"Legal, statutory, regulatory and contractual requirements",,KEEN-AF:1.0,CPL-44,custom,"Legal, statutory, regulatory and contractual requirements","Legal, statutory, regulatory and contractual requirements relevant to information security and the organization‚Äôs approach to meet these requirements shall be identified, documented and kept up to date.",same-topic,Same control topic in the shipped catalogues. Review the evidence scope and implementation for the target; this link does not confer compliance.
KEEN-AF:1.0,CPL-44,custom,"Legal, statutory, regulatory and contractual requirements","Legal, statutory, regulatory and contractual requirements relevant to information security and the organization‚Äôs approach to meet these requirements shall be identified, documented and kept up to date.",ISO27001:2022,A.5.31,annex_control,"Legal, statutory, regulatory and contractual requirements",,same-topic,Same control topic in the shipped catalogues. Review the evidence scope and implementation for the target; this link does not confer compliance.
ISO27001:2022,A.5.32,annex_control,Intellectual property rights,,KEEN-AF:1.0,AST-68,custom,Intellectual property rights,The organization shall implement appropriate procedures to protect intellectual property rights.,same-topic,Same control topic in the shipped catalogues. Review the evidence scope and implementation for the target; this link does not confer compliance.
KEEN-AF:1.0,AST-68,custom,Intellectual property rights,The organization shall implement appropriate procedures to protect intellectual property rights.,ISO27001:2022,A.5.32,annex_control,Intellectual property rights,,same-topic,Same control topic in the shipped catalogues. Review the evidence scope and implementation for the target; this link does not confer compliance.
ISO27001:2022,A.5.33,annex_control,Protection of records,,KEEN-AF:1.0,DCH-109,custom,Protection of records,"Records shall be protected from loss, destruction, falsification, unauthorized access and unauthorized release.",same-topic,Same control topic in the shipped catalogues. Review the evidence scope and implementation for the target; this link does not confer compliance.
KEEN-AF:1.0,DCH-109,custom,Protection of records,"Records shall be protected from loss, destruction, falsification, unauthorized access and unauthorized release.",ISO27001:2022,A.5.33,annex_control,Protection of records,,same-topic,Same control topic in the shipped catalogues. Review the evidence scope and implementation for the target; this link does not confer compliance.
ISO27001:2022,A.5.34,annex_control,Privacy and protection of PII,,KEEN-AF:1.0,PRI-224,custom,Privacy and protection of PII,The organization shall identify and meet the requirements regarding the preservation of privacy and protection of PII according to applicable laws and regulations and contractual requirements.,same-topic,Same control topic in the shipped catalogues. Review the evidence scope and implementation for the target; this link does not confer compliance.
KEEN-AF:1.0,PRI-224,custom,Privacy and protection of PII,The organization shall identify and meet the requirements regarding the preservation of privacy and protection of PII according to applicable laws and regulations and contractual requirements.,ISO27001:2022,A.5.34,annex_control,Privacy and protection of PII,,same-topic,Same control topic in the shipped catalogues. Review the evidence scope and implementation for the target; this link does not confer compliance.
ISO27001:2022,A.5.35,annex_control,Independent review of information security,,KEEN-AF:1.0,CPL-45,custom,Independent review of information security,"The organization‚Äôs approach to managing information security and its implementation including people, processes and technologies shall be reviewed independently at planned intervals, or when significant changes occur.",same-topic,Same control topic in the shipped catalogues. Review the evidence scope and implementation for the target; this link does not confer compliance.
KEEN-AF:1.0,CPL-45,custom,Independent review of information security,"The organization‚Äôs approach to managing information security and its implementation including people, processes and technologies shall be reviewed independently at planned intervals, or when significant changes occur.",ISO27001:2022,A.5.35,annex_control,Independent review of information security,,same-topic,Same control topic in the shipped catalogues. Review the evidence scope and implementation for the target; this link does not confer compliance.
ISO27001:2022,A.5.36,annex_control,"Conformance with policies, rules and standards for information security",,KEEN-AF:1.0,CPL-46,custom,"Compliance with policies, rules and standards for information security","Compliance with the organization‚Äôs information security policy, topic-specific policies, rules and standards shall be regularly reviewed.",same-topic,Same control topic in the shipped catalogues. Review the evidence scope and implementation for the target; this link does not confer compliance.
KEEN-AF:1.0,CPL-46,custom,"Compliance with policies, rules and standards for information security","Compliance with the organization‚Äôs information security policy, topic-specific policies, rules and standards shall be regularly reviewed.",ISO27001:2022,A.5.36,annex_control,"Conformance with policies, rules and standards for information security",,same-topic,Same control topic in the shipped catalogues. Review the evidence scope and implementation for the target; this link does not confer compliance.
ISO27001:2022,A.5.37,annex_control,Documented operating procedures,,KEEN-AF:1.0,GOV-109,custom,Documented operating procedures,Operating procedures for information processing facilities shall be documented and made available to personnel who need them.,same-topic,Same control topic in the shipped catalogues. Review the evidence scope and implementation for the target; this link does not confer compliance.
KEEN-AF:1.0,GOV-109,custom,Documented operating procedures,Operating procedures for information processing facilities shall be documented and made available to personnel who need them.,ISO27001:2022,A.5.37,annex_control,Documented operating procedures,,same-topic,Same control topic in the shipped catalogues. Review the evidence scope and implementation for the target; this link does not confer compliance.
ISO27001:2022,A.6.1,annex_control,Screening,,KEEN-AF:1.0,HRS-56,custom,Screening,"Background verification checks on all candidates to become personnel shall be carried out prior to joining the organization and on an ongoing basis taking into consideration applicable laws, regulations and ethics and be proportional to the business requirements, the classification of the information to be accessed and the perceived risks.",same-topic,Same control topic in the shipped catalogues. Review the evidence scope and implementation for the target; this link does not confer compliance.
KEEN-AF:1.0,HRS-56,custom,Screening,"Background verification checks on all candidates to become personnel shall be carried out prior to joining the organization and on an ongoing basis taking into consideration applicable laws, regulations and ethics and be proportional to the business requirements, the classification of the information to be accessed and the perceived risks.",ISO27001:2022,A.6.1,annex_control,Screening,,same-topic,Same control topic in the shipped catalogues. Review the evidence scope and implementation for the target; this link does not confer compliance.
ISO27001:2022,A.6.2,annex_control,Terms and conditions of employment,,KEEN-AF:1.0,HRS-57,custom,Terms and conditions of employment,The employment contractual agreements shall state the personnel‚Äôs and the organization‚Äôs responsibilities for information security.,same-topic,Same control topic in the shipped catalogues. Review the evidence scope and implementation for the target; this link does not confer compliance.
KEEN-AF:1.0,HRS-57,custom,Terms and conditions of employment,The employment contractual agreements shall state the personnel‚Äôs and the organization‚Äôs responsibilities for information security.,ISO27001:2022,A.6.2,annex_control,Terms and conditions of employment,,same-topic,Same control topic in the shipped catalogues. Review the evidence scope and implementation for the target; this link does not confer compliance.
ISO27001:2022,A.6.3,annex_control,"Information security awareness, education and training",,KEEN-AF:1.0,SAT-44,custom,"Information security awareness, education and training","Personnel of the organization and relevant interested parties shall receive appropriate information security awareness, education and training and regular updates of the organization's information security policy, topic-specific policies and procedures, as relevant for their job function.",same-topic,Same control topic in the shipped catalogues. Review the evidence scope and implementation for the target; this link does not confer compliance.
KEEN-AF:1.0,SAT-44,custom,"Information security awareness, education and training","Personnel of the organization and relevant interested parties shall receive appropriate information security awareness, education and training and regular updates of the organization's information security policy, topic-specific policies and procedures, as relevant for their job function.",ISO27001:2022,A.6.3,annex_control,"Information security awareness, education and training",,same-topic,Same control topic in the shipped catalogues. Review the evidence scope and implementation for the target; this link does not confer compliance.
ISO27001:2022,A.6.4,annex_control,Disciplinary process,,KEEN-AF:1.0,HRS-58,custom,Disciplinary process,A disciplinary process shall be formalized and communicated to take actions against personnel and other relevant interested parties who have committed an information security policy violation,same-topic,Same control topic in the shipped catalogues. Review the evidence scope and implementation for the target; this link does not confer compliance.
KEEN-AF:1.0,HRS-58,custom,Disciplinary process,A disciplinary process shall be formalized and communicated to take actions against personnel and other relevant interested parties who have committed an information security policy violation,ISO27001:2022,A.6.4,annex_control,Disciplinary process,,same-topic,Same control topic in the shipped catalogues. Review the evidence scope and implementation for the target; this link does not confer compliance.
ISO27001:2022,A.6.5,annex_control,Responsibilities after termination or change of employment,,KEEN-AF:1.0,HRS-59,custom,Responsibilities after termination or change of employment,"Information security responsibilities and duties that remain valid after termination or change of employment shall be defined, enforced and communicated to relevant personnel and other interested parties.",same-topic,Same control topic in the shipped catalogues. Review the evidence scope and implementation for the target; this link does not confer compliance.
KEEN-AF:1.0,HRS-59,custom,Responsibilities after termination or change of employment,"Information security responsibilities and duties that remain valid after termination or change of employment shall be defined, enforced and communicated to relevant personnel and other interested parties.",ISO27001:2022,A.6.5,annex_control,Responsibilities after termination or change of employment,,same-topic,Same control topic in the shipped catalogues. Review the evidence scope and implementation for the target; this link does not confer compliance.
ISO27001:2022,A.6.6,annex_control,Confidentiality or non-disclosure agreements,,KEEN-AF:1.0,HRS-60,custom,Confidentiality or non-disclosure agreements,"Confidentiality or non-disclosure agreements reflecting the organization‚Äôs needs for the protection of information shall be identified, documented, regularly reviewed and signed by personnel and other relevant interested parties.",same-topic,Same control topic in the shipped catalogues. Review the evidence scope and implementation for the target; this link does not confer compliance.
KEEN-AF:1.0,HRS-60,custom,Confidentiality or non-disclosure agreements,"Confidentiality or non-disclosure agreements reflecting the organization‚Äôs needs for the protection of information shall be identified, documented, regularly reviewed and signed by personnel and other relevant interested parties.",ISO27001:2022,A.6.6,annex_control,Confidentiality or non-disclosure agreements,,same-topic,Same control topic in the shipped catalogues. Review the evidence scope and implementation for the target; this link does not confer compliance.
ISO27001:2022,A.6.7,annex_control,Remote working,,KEEN-AF:1.0,NET-90,custom,Remote working,"Security measures shall be implemented when personnel are working remotely to protect information accessed, processed or stored outside the organization‚Äôs premises.",same-topic,Same control topic in the shipped catalogues. Review the evidence scope and implementation for the target; this link does not confer compliance.
KEEN-AF:1.0,NET-90,custom,Remote working,"Security measures shall be implemented when personnel are working remotely to protect information accessed, processed or stored outside the organization‚Äôs premises.",ISO27001:2022,A.6.7,annex_control,Remote working,,same-topic,Same control topic in the shipped catalogues. Review the evidence scope and implementation for the target; this link does not confer compliance.
ISO27001:2022,A.6.8,annex_control,Information security event reporting,,KEEN-AF:1.0,IRO-97,custom,Information security event reporting,The organization shall provide a mechanism for personnel to report observed or suspected information security events through appropriate channels in a timely manner.,same-topic,Same control topic in the shipped catalogues. Review the evidence scope and implementation for the target; this link does not confer compliance.
KEEN-AF:1.0,IRO-97,custom,Information security event reporting,The organization shall provide a mechanism for personnel to report observed or suspected information security events through appropriate channels in a timely manner.,ISO27001:2022,A.6.8,annex_control,Information security event reporting,,same-topic,Same control topic in the shipped catalogues. Review the evidence scope and implementation for the target; this link does not confer compliance.
ISO27001:2022,A.7.1,annex_control,Physical security perimeters,,KEEN-AF:1.0,PES-72,custom,Physical security perimeters,Security perimeters shall be defined and used to protect areas that contain information and other associated assets.,same-topic,Same control topic in the shipped catalogues. Review the evidence scope and implementation for the target; this link does not confer compliance.
KEEN-AF:1.0,PES-72,custom,Physical security perimeters,Security perimeters shall be defined and used to protect areas that contain information and other associated assets.,ISO27001:2022,A.7.1,annex_control,Physical security perimeters,,same-topic,Same control topic in the shipped catalogues. Review the evidence scope and implementation for the target; this link does not confer compliance.
ISO27001:2022,A.7.2,annex_control,Physical entry,,KEEN-AF:1.0,PES-73,custom,Physical entry,Secure areas shall be protected by appropriate entry controls and access points.,same-topic,Same control topic in the shipped catalogues. Review the evidence scope and implementation for the target; this link does not confer compliance.
KEEN-AF:1.0,PES-73,custom,Physical entry,Secure areas shall be protected by appropriate entry controls and access points.,ISO27001:2022,A.7.2,annex_control,Physical entry,,same-topic,Same control topic in the shipped catalogues. Review the evidence scope and implementation for the target; this link does not confer compliance.
ISO27001:2022,A.7.3,annex_control,"Securing offices, rooms and facilities",,KEEN-AF:1.0,PES-74,custom,"Securing offices, rooms and facilities","Physical security for offices, rooms and facilities shall be designed and implemented.",same-topic,Same control topic in the shipped catalogues. Review the evidence scope and implementation for the target; this link does not confer compliance.
KEEN-AF:1.0,PES-74,custom,"Securing offices, rooms and facilities","Physical security for offices, rooms and facilities shall be designed and implemented.",ISO27001:2022,A.7.3,annex_control,"Securing offices, rooms and facilities",,same-topic,Same control topic in the shipped catalogues. Review the evidence scope and implementation for the target; this link does not confer compliance.
ISO27001:2022,A.7.4,annex_control,Physical security monitoring,,KEEN-AF:1.0,PES-75,custom,Physical security monitoring,Premises shall be continuously monitored for unauthorized physical access.,same-topic,Same control topic in the shipped catalogues. Review the evidence scope and implementation for the target; this link does not confer compliance.
KEEN-AF:1.0,PES-75,custom,Physical security monitoring,Premises shall be continuously monitored for unauthorized physical access.,ISO27001:2022,A.7.4,annex_control,Physical security monitoring,,same-topic,Same control topic in the shipped catalogues. Review the evidence scope and implementation for the target; this link does not confer compliance.
ISO27001:2022,A.7.5,annex_control,Protecting against physical and environmental threats,,KEEN-AF:1.0,PES-76,custom,Protecting against physical and environmental threats,"Protection against physical and environmental threats, such as natural disasters and other intentional or unintentional physical threats to infrastructure shall be designed and implemented.",same-topic,Same control topic in the shipped catalogues. Review the evidence scope and implementation for the target; this link does not confer compliance.
KEEN-AF:1.0,PES-76,custom,Protecting against physical and environmental threats,"Protection against physical and environmental threats, such as natural disasters and other intentional or unintentional physical threats to infrastructure shall be designed and implemented.",ISO27001:2022,A.7.5,annex_control,Protecting against physical and environmental threats,,same-topic,Same control topic in the shipped catalogues. Review the evidence scope and implementation for the target; this link does not confer compliance.
ISO27001:2022,A.7.6,annex_control,Working in secure areas,,KEEN-AF:1.0,PES-77,custom,Working in secure areas,Security measures for working in secure areas shall be designed and implemented.,same-topic,Same control topic in the shipped catalogues. Review the evidence scope and implementation for the target; this link does not confer compliance.
KEEN-AF:1.0,PES-77,custom,Working in secure areas,Security measures for working in secure areas shall be designed and implemented.,ISO27001:2022,A.7.6,annex_control,Working in secure areas,,same-topic,Same control topic in the shipped catalogues. Review the evidence scope and implementation for the target; this link does not confer compliance.
ISO27001:2022,A.7.7,annex_control,Clear desk and clear screen,,KEEN-AF:1.0,PES-78,custom,Clear desk and clear screen,Clear desk rules for papers and removable storage media and clear screen rules for information processing facilities shall be defined and appropriately enforced.,same-topic,Same control topic in the shipped catalogues. Review the evidence scope and implementation for the target; this link does not confer compliance.
KEEN-AF:1.0,PES-78,custom,Clear desk and clear screen,Clear desk rules for papers and removable storage media and clear screen rules for information processing facilities shall be defined and appropriately enforced.,ISO27001:2022,A.7.7,annex_control,Clear desk and clear screen,,same-topic,Same control topic in the shipped catalogues. Review the evidence scope and implementation for the target; this link does not confer compliance.
ISO27001:2022,A.7.8,annex_control,Equipment siting and protection,,KEEN-AF:1.0,PES-79,custom,Equipment siting and protection,Equipment shall be sited securely and protected.,same-topic,Same control topic in the shipped catalogues. Review the evidence scope and implementation for the target; this link does not confer compliance.
KEEN-AF:1.0,PES-79,custom,Equipment siting and protection,Equipment shall be sited securely and protected.,ISO27001:2022,A.7.8,annex_control,Equipment siting and protection,,same-topic,Same control topic in the shipped catalogues. Review the evidence scope and implementation for the target; this link does not confer compliance.
ISO27001:2022,A.7.9,annex_control,Security of assets off-premises,,KEEN-AF:1.0,AST-69,custom,Security of assets off-premises,Off-site assets shall be protected.,same-topic,Same control topic in the shipped catalogues. Review the evidence scope and implementation for the target; this link does not confer compliance.
KEEN-AF:1.0,AST-69,custom,Security of assets off-premises,Off-site assets shall be protected.,ISO27001:2022,A.7.9,annex_control,Security of assets off-premises,,same-topic,Same control topic in the shipped catalogues. Review the evidence scope and implementation for the target; this link does not confer compliance.
ISO27001:2022,A.7.10,annex_control,Storage media,,KEEN-AF:1.0,AST-70,custom,Storage media,"Storage media shall be managed through their life cycle of acquisition, use, transportation and disposal in accordance with the organization‚Äôs classification scheme and handling requirements.",same-topic,Same control topic in the shipped catalogues. Review the evidence scope and implementation for the target; this link does not confer compliance.
KEEN-AF:1.0,AST-70,custom,Storage media,"Storage media shall be managed through their life cycle of acquisition, use, transportation and disposal in accordance with the organization‚Äôs classification scheme and handling requirements.",ISO27001:2022,A.7.10,annex_control,Storage media,,same-topic,Same control topic in the shipped catalogues. Review the evidence scope and implementation for the target; this link does not confer compliance.
ISO27001:2022,A.7.11,annex_control,Supporting utilities,,KEEN-AF:1.0,PES-80,custom,Supporting utilities,Information processing facilities shall be protected from power failures and other disruptions caused by failures in supporting utilities.,same-topic,Same control topic in the shipped catalogues. Review the evidence scope and implementation for the target; this link does not confer compliance.
KEEN-AF:1.0,PES-80,custom,Supporting utilities,Information processing facilities shall be protected from power failures and other disruptions caused by failures in supporting utilities.,ISO27001:2022,A.7.11,annex_control,Supporting utilities,,same-topic,Same control topic in the shipped catalogues. Review the evidence scope and implementation for the target; this link does not confer compliance.
ISO27001:2022,A.7.12,annex_control,Cabling security,,KEEN-AF:1.0,PES-81,custom,Cabling security,"Cables carrying power, data or supporting information services shall be protected from interception, interference or damage.",same-topic,Same control topic in the shipped catalogues. Review the evidence scope and implementation for the target; this link does not confer compliance.
KEEN-AF:1.0,PES-81,custom,Cabling security,"Cables carrying power, data or supporting information services shall be protected from interception, interference or damage.",ISO27001:2022,A.7.12,annex_control,Cabling security,,same-topic,Same control topic in the shipped catalogues. Review the evidence scope and implementation for the target; this link does not confer compliance.
ISO27001:2022,A.7.13,annex_control,Equipment maintenance,,KEEN-AF:1.0,MNT-21,custom,Equipment maintenance,"Equipment shall be maintained correctly to ensure availability, integrity and confidentiality of information.",same-topic,Same control topic in the shipped catalogues. Review the evidence scope and implementation for the target; this link does not confer compliance.
KEEN-AF:1.0,MNT-21,custom,Equipment maintenance,"Equipment shall be maintained correctly to ensure availability, integrity and confidentiality of information.",ISO27001:2022,A.7.13,annex_control,Equipment maintenance,,same-topic,Same control topic in the shipped catalogues. Review the evidence scope and implementation for the target; this link does not confer compliance.
ISO27001:2022,A.7.14,annex_control,Secure disposal or re-use of equipment,,KEEN-AF:1.0,AST-71,custom,Secure disposal or re-use of equipment,Items of equipment containing storage media shall be verified to ensure that any sensitive data and licensed software has been removed or securely overwritten prior to disposal or re-use.,same-topic,Same control topic in the shipped catalogues. Review the evidence scope and implementation for the target; this link does not confer compliance.
KEEN-AF:1.0,AST-71,custom,Secure disposal or re-use of equipment,Items of equipment containing storage media shall be verified to ensure that any sensitive data and licensed software has been removed or securely overwritten prior to disposal or re-use.,ISO27001:2022,A.7.14,annex_control,Secure disposal or re-use of equipment,,same-topic,Same control topic in the shipped catalogues. Review the evidence scope and implementation for the target; this link does not confer compliance.
ISO27001:2022,A.8.1,annex_control,User endpoint devices,,KEEN-AF:1.0,END-40,custom,User endpoint devices,"Information stored on, processed by or accessible via user endpoint devices shall be protected.",same-topic,Same control topic in the shipped catalogues. Review the evidence scope and implementation for the target; this link does not confer compliance.
KEEN-AF:1.0,END-40,custom,User endpoint devices,"Information stored on, processed by or accessible via user endpoint devices shall be protected.",ISO27001:2022,A.8.1,annex_control,User endpoint devices,,same-topic,Same control topic in the shipped catalogues. Review the evidence scope and implementation for the target; this link does not confer compliance.
ISO27001:2022,A.8.2,annex_control,Privileged access rights,,KEEN-AF:1.0,IAC-201,custom,Privileged access rights,The allocation and use of privileged access rights shall be restricted and managed.,same-topic,Same control topic in the shipped catalogues. Review the evidence scope and implementation for the target; this link does not confer compliance.
KEEN-AF:1.0,IAC-201,custom,Privileged access rights,The allocation and use of privileged access rights shall be restricted and managed.,ISO27001:2022,A.8.2,annex_control,Privileged access rights,,same-topic,Same control topic in the shipped catalogues. Review the evidence scope and implementation for the target; this link does not confer compliance.
ISO27001:2022,A.8.3,annex_control,Information access restriction,,KEEN-AF:1.0,IAC-202,custom,Information access restriction,Access to information and other associated assets shall be restricted in accordance with the established topic-specific policy on access control.,same-topic,Same control topic in the shipped catalogues. Review the evidence scope and implementation for the target; this link does not confer compliance.
KEEN-AF:1.0,IAC-202,custom,Information access restriction,Access to information and other associated assets shall be restricted in accordance with the established topic-specific policy on access control.,ISO27001:2022,A.8.3,annex_control,Information access restriction,,same-topic,Same control topic in the shipped catalogues. Review the evidence scope and implementation for the target; this link does not confer compliance.
ISO27001:2022,A.8.4,annex_control,Access to source code,,KEEN-AF:1.0,TDA-37,custom,Access to source code,"Read and write access to source code, development tools and software libraries shall be appropriately managed.",same-topic,Same control topic in the shipped catalogues. Review the evidence scope and implementation for the target; this link does not confer compliance.
KEEN-AF:1.0,TDA-37,custom,Access to source code,"Read and write access to source code, development tools and software libraries shall be appropriately managed.",ISO27001:2022,A.8.4,annex_control,Access to source code,,same-topic,Same control topic in the shipped catalogues. Review the evidence scope and implementation for the target; this link does not confer compliance.
ISO27001:2022,A.8.5,annex_control,Secure authentication,,KEEN-AF:1.0,IAC-203,custom,Secure authentication,Secure authentication technologies and procedures shall be implemented based on information access restrictions and the topic-specific policy on access control.,same-topic,Same control topic in the shipped catalogues. Review the evidence scope and implementation for the target; this link does not confer compliance.
KEEN-AF:1.0,IAC-203,custom,Secure authentication,Secure authentication technologies and procedures shall be implemented based on information access restrictions and the topic-specific policy on access control.,ISO27001:2022,A.8.5,annex_control,Secure authentication,,same-topic,Same control topic in the shipped catalogues. Review the evidence scope and implementation for the target; this link does not confer compliance.
ISO27001:2022,A.8.6,annex_control,Capacity management,,KEEN-AF:1.0,CAP-7,custom,Capacity management,The use of resources shall be monitored and adjusted in line with current and expected capacity requirements.,same-topic,Same control topic in the shipped catalogues. Review the evidence scope and implementation for the target; this link does not confer compliance.
KEEN-AF:1.0,CAP-7,custom,Capacity management,The use of resources shall be monitored and adjusted in line with current and expected capacity requirements.,ISO27001:2022,A.8.6,annex_control,Capacity management,,same-topic,Same control topic in the shipped catalogues. Review the evidence scope and implementation for the target; this link does not confer compliance.
ISO27001:2022,A.8.7,annex_control,Protection against malware,,KEEN-AF:1.0,END-41,custom,Protection against malware,Protection against malware shall be implemented and supported by appropriate user awareness.,same-topic,Same control topic in the shipped catalogues. Review the evidence scope and implementation for the target; this link does not confer compliance.
KEEN-AF:1.0,END-41,custom,Protection against malware,Protection against malware shall be implemented and supported by appropriate user awareness.,ISO27001:2022,A.8.7,annex_control,Protection against malware,,same-topic,Same control topic in the shipped catalogues. Review the evidence scope and implementation for the target; this link does not confer compliance.
ISO27001:2022,A.8.8,annex_control,Management of technical vulnerabilities,,KEEN-AF:1.0,VPM-75,custom,Management of technical vulnerabilities,"Information about technical vulnerabilities of information systems in use shall be obtained, the organisation's exposure to such vulnerabilities should be evaluated and appropriate measures should be taken.",same-topic,Same control topic in the shipped catalogues. Review the evidence scope and implementation for the target; this link does not confer compliance.
KEEN-AF:1.0,VPM-75,custom,Management of technical vulnerabilities,"Information about technical vulnerabilities of information systems in use shall be obtained, the organisation's exposure to such vulnerabilities should be evaluated and appropriate measures should be taken.",ISO27001:2022,A.8.8,annex_control,Management of technical vulnerabilities,,same-topic,Same control topic in the shipped catalogues. Review the evidence scope and implementation for the target; this link does not confer compliance.
ISO27001:2022,A.8.9,annex_control,Configuration management,,KEEN-AF:1.0,CFG-44,custom,Configuration management,"Configurations, including security configurations, of hardware, software, services and networks shall be established, documented, implemented, monitored and reviewed.",same-topic,Same control topic in the shipped catalogues. Review the evidence scope and implementation for the target; this link does not confer compliance.
KEEN-AF:1.0,CFG-44,custom,Configuration management,"Configurations, including security configurations, of hardware, software, services and networks shall be established, documented, implemented, monitored and reviewed.",ISO27001:2022,A.8.9,annex_control,Configuration management,,same-topic,Same control topic in the shipped catalogues. Review the evidence scope and implementation for the target; this link does not confer compliance.
ISO27001:2022,A.8.10,annex_control,Information deletion,,KEEN-AF:1.0,DCH-110,custom,Information deletion,"Information stored in information systems, devices or in any other storage media shall be deleted when no longer required.",same-topic,Same control topic in the shipped catalogues. Review the evidence scope and implementation for the target; this link does not confer compliance.
KEEN-AF:1.0,DCH-110,custom,Information deletion,"Information stored in information systems, devices or in any other storage media shall be deleted when no longer required.",ISO27001:2022,A.8.10,annex_control,Information deletion,,same-topic,Same control topic in the shipped catalogues. Review the evidence scope and implementation for the target; this link does not confer compliance.
ISO27001:2022,A.8.11,annex_control,Data masking,,KEEN-AF:1.0,DCH-111,custom,Data masking,"Data masking shall be used in accordance with the organisation's topic-specific policy on access control and other related topic-specific policies, and business requirements, taking applicable legislation into consideration.",same-topic,Same control topic in the shipped catalogues. Review the evidence scope and implementation for the target; this link does not confer compliance.
KEEN-AF:1.0,DCH-111,custom,Data masking,"Data masking shall be used in accordance with the organisation's topic-specific policy on access control and other related topic-specific policies, and business requirements, taking applicable legislation into consideration.",ISO27001:2022,A.8.11,annex_control,Data masking,,same-topic,Same control topic in the shipped catalogues. Review the evidence scope and implementation for the target; this link does not confer compliance.
ISO27001:2022,A.8.12,annex_control,Data leakage prevention,,KEEN-AF:1.0,DCH-112,custom,Data leakage prevention,"Data leakage prevention measures shall be applied to systems, networks and any other devices that process, store or transmit sensitive information.",same-topic,Same control topic in the shipped catalogues. Review the evidence scope and implementation for the target; this link does not confer compliance.
KEEN-AF:1.0,DCH-112,custom,Data leakage prevention,"Data leakage prevention measures shall be applied to systems, networks and any other devices that process, store or transmit sensitive information.",ISO27001:2022,A.8.12,annex_control,Data leakage prevention,,same-topic,Same control topic in the shipped catalogues. Review the evidence scope and implementation for the target; this link does not confer compliance.
ISO27001:2022,A.8.13,annex_control,Information backup,,KEEN-AF:1.0,BCD-69,custom,Information backup,"Backup copies of information, software and systems shall be maintained and regularly tested in accordance with the agreed topic-specific policy on backup.",same-topic,Same control topic in the shipped catalogues. Review the evidence scope and implementation for the target; this link does not confer compliance.
KEEN-AF:1.0,BCD-69,custom,Information backup,"Backup copies of information, software and systems shall be maintained and regularly tested in accordance with the agreed topic-specific policy on backup.",ISO27001:2022,A.8.13,annex_control,Information backup,,same-topic,Same control topic in the shipped catalogues. Review the evidence scope and implementation for the target; this link does not confer compliance.
ISO27001:2022,A.8.14,annex_control,Redundancy of information processing facilities,,KEEN-AF:1.0,BCD-70,custom,Redundancy of information processing facilities,Information processing facilities shall be implemented with redundancy sufficient to meet availability requirements.,same-topic,Same control topic in the shipped catalogues. Review the evidence scope and implementation for the target; this link does not confer compliance.
KEEN-AF:1.0,BCD-70,custom,Redundancy of information processing facilities,Information processing facilities shall be implemented with redundancy sufficient to meet availability requirements.,ISO27001:2022,A.8.14,annex_control,Redundancy of information processing facilities,,same-topic,Same control topic in the shipped catalogues. Review the evidence scope and implementation for the target; this link does not confer compliance.
ISO27001:2022,A.8.15,annex_control,Logging,,KEEN-AF:1.0,MON-120,custom,Logging,"Logs that record activities, exceptions, faults and other relevant events shall be produced, stored, protected and analysed.",same-topic,Same control topic in the shipped catalogues. Review the evidence scope and implementation for the target; this link does not confer compliance.
KEEN-AF:1.0,MON-120,custom,Logging,"Logs that record activities, exceptions, faults and other relevant events shall be produced, stored, protected and analysed.",ISO27001:2022,A.8.15,annex_control,Logging,,same-topic,Same control topic in the shipped catalogues. Review the evidence scope and implementation for the target; this link does not confer compliance.
ISO27001:2022,A.8.16,annex_control,Monitoring activities,,KEEN-AF:1.0,MON-121,custom,Monitoring activities,"Networks, systems and applications shall be monitored for anomalous behaviour and appropriate actions taken to evaluate potential information security incidents.",same-topic,Same control topic in the shipped catalogues. Review the evidence scope and implementation for the target; this link does not confer compliance.
KEEN-AF:1.0,MON-121,custom,Monitoring activities,"Networks, systems and applications shall be monitored for anomalous behaviour and appropriate actions taken to evaluate potential information security incidents.",ISO27001:2022,A.8.16,annex_control,Monitoring activities,,same-topic,Same control topic in the shipped catalogues. Review the evidence scope and implementation for the target; this link does not confer compliance.
ISO27001:2022,A.8.17,annex_control,Clock synchronization,,KEEN-AF:1.0,SEA-54,custom,Clock synchronization,The clocks of information processing systems used by the organization shall be synchronized to approved time sources.,same-topic,Same control topic in the shipped catalogues. Review the evidence scope and implementation for the target; this link does not confer compliance.
KEEN-AF:1.0,SEA-54,custom,Clock synchronization,The clocks of information processing systems used by the organization shall be synchronized to approved time sources.,ISO27001:2022,A.8.17,annex_control,Clock synchronization,,same-topic,Same control topic in the shipped catalogues. Review the evidence scope and implementation for the target; this link does not confer compliance.
ISO27001:2022,A.8.18,annex_control,Use of privileged utility programs,,KEEN-AF:1.0,IAC-204,custom,Use of privileged utility programs,The use of utility programs that can be capable of overriding system and application controls shall be restricted and tightly controlled.,same-topic,Same control topic in the shipped catalogues. Review the evidence scope and implementation for the target; this link does not confer compliance.
KEEN-AF:1.0,IAC-204,custom,Use of privileged utility programs,The use of utility programs that can be capable of overriding system and application controls shall be restricted and tightly controlled.,ISO27001:2022,A.8.18,annex_control,Use of privileged utility programs,,same-topic,Same control topic in the shipped catalogues. Review the evidence scope and implementation for the target; this link does not confer compliance.
ISO27001:2022,A.8.19,annex_control,Installation of software on operational systems,,KEEN-AF:1.0,CHG-38,custom,Installation of software on operational systems,Procedures and measures shall be implemented to securely manage software installation on operational systems.,same-topic,Same control topic in the shipped catalogues. Review the evidence scope and implementation for the target; this link does not confer compliance.
KEEN-AF:1.0,CHG-38,custom,Installation of software on operational systems,Procedures and measures shall be implemented to securely manage software installation on operational systems.,ISO27001:2022,A.8.19,annex_control,Installation of software on operational systems,,same-topic,Same control topic in the shipped catalogues. Review the evidence scope and implementation for the target; this link does not confer compliance.
ISO27001:2022,A.8.20,annex_control,Networks security,,KEEN-AF:1.0,NET-91,custom,Networks security,"Networks and network devices shall be secured, managed and controlled to protect information in systems and applications.",same-topic,Same control topic in the shipped catalogues. Review the evidence scope and implementation for the target; this link does not confer compliance.
KEEN-AF:1.0,NET-91,custom,Networks security,"Networks and network devices shall be secured, managed and controlled to protect information in systems and applications.",ISO27001:2022,A.8.20,annex_control,Networks security,,same-topic,Same control topic in the shipped catalogues. Review the evidence scope and implementation for the target; this link does not confer compliance.
ISO27001:2022,A.8.21,annex_control,Security of network services,,KEEN-AF:1.0,NET-92,custom,Security of network services,"Security mechanisms, service levels and service requirements of network services shall be identified, implemented and monitored.",same-topic,Same control topic in the shipped catalogues. Review the evidence scope and implementation for the target; this link does not confer compliance.
KEEN-AF:1.0,NET-92,custom,Security of network services,"Security mechanisms, service levels and service requirements of network services shall be identified, implemented and monitored.",ISO27001:2022,A.8.21,annex_control,Security of network services,,same-topic,Same control topic in the shipped catalogues. Review the evidence scope and implementation for the target; this link does not confer compliance.
ISO27001:2022,A.8.22,annex_control,Segregation of networks,,KEEN-AF:1.0,NET-93,custom,Segregation of networks,"Groups of information services, users and information systems shall be segregated in the organization‚Äôs networks.",same-topic,Same control topic in the shipped catalogues. Review the evidence scope and implementation for the target; this link does not confer compliance.
KEEN-AF:1.0,NET-93,custom,Segregation of networks,"Groups of information services, users and information systems shall be segregated in the organization‚Äôs networks.",ISO27001:2022,A.8.22,annex_control,Segregation of networks,,same-topic,Same control topic in the shipped catalogues. Review the evidence scope and implementation for the target; this link does not confer compliance.
ISO27001:2022,A.8.23,annex_control,Web filtering,,KEEN-AF:1.0,NET-94,custom,Web filtering,Access to external websites shall be managed to reduce exposure to malicious content.,same-topic,Same control topic in the shipped catalogues. Review the evidence scope and implementation for the target; this link does not confer compliance.
KEEN-AF:1.0,NET-94,custom,Web filtering,Access to external websites shall be managed to reduce exposure to malicious content.,ISO27001:2022,A.8.23,annex_control,Web filtering,,same-topic,Same control topic in the shipped catalogues. Review the evidence scope and implementation for the target; this link does not confer compliance.
ISO27001:2022,A.8.24,annex_control,Use of cryptography,,KEEN-AF:1.0,CRY-92,custom,Use of cryptography,"Rules for the effective use of cryptography, including cryptographic key management, shall be defined and implemented.",same-topic,Same control topic in the shipped catalogues. Review the evidence scope and implementation for the target; this link does not confer compliance.
KEEN-AF:1.0,CRY-92,custom,Use of cryptography,"Rules for the effective use of cryptography, including cryptographic key management, shall be defined and implemented.",ISO27001:2022,A.8.24,annex_control,Use of cryptography,,same-topic,Same control topic in the shipped catalogues. Review the evidence scope and implementation for the target; this link does not confer compliance.
ISO27001:2022,A.8.25,annex_control,Secure development life cycle,,KEEN-AF:1.0,TDA-38,custom,Secure development life cycle,Rules for the secure development of software and systems shall be established and applied.,same-topic,Same control topic in the shipped catalogues. Review the evidence scope and implementation for the target; this link does not confer compliance.
KEEN-AF:1.0,TDA-38,custom,Secure development life cycle,Rules for the secure development of software and systems shall be established and applied.,ISO27001:2022,A.8.25,annex_control,Secure development life cycle,,same-topic,Same control topic in the shipped catalogues. Review the evidence scope and implementation for the target; this link does not confer compliance.
ISO27001:2022,A.8.26,annex_control,Application security requirements,,KEEN-AF:1.0,SEA-55,custom,Application security requirements,"Information security requirements shall be identified, specified and approved when developing or acquiring applications.",same-topic,Same control topic in the shipped catalogues. Review the evidence scope and implementation for the target; this link does not confer compliance.
KEEN-AF:1.0,SEA-55,custom,Application security requirements,"Information security requirements shall be identified, specified and approved when developing or acquiring applications.",ISO27001:2022,A.8.26,annex_control,Application security requirements,,same-topic,Same control topic in the shipped catalogues. Review the evidence scope and implementation for the target; this link does not confer compliance.
ISO27001:2022,A.8.27,annex_control,Secure system architecture and engineering principles,,KEEN-AF:1.0,SEA-56,custom,Secure system architecture and engineering principles,"Principles for engineering secure systems shall be established, documented, maintained and applied to any information system development activities.",same-topic,Same control topic in the shipped catalogues. Review the evidence scope and implementation for the target; this link does not confer compliance.
KEEN-AF:1.0,SEA-56,custom,Secure system architecture and engineering principles,"Principles for engineering secure systems shall be established, documented, maintained and applied to any information system development activities.",ISO27001:2022,A.8.27,annex_control,Secure system architecture and engineering principles,,same-topic,Same control topic in the shipped catalogues. Review the evidence scope and implementation for the target; this link does not confer compliance.
ISO27001:2022,A.8.28,annex_control,Secure coding,,KEEN-AF:1.0,TDA-39,custom,Secure coding,Secure coding principles shall be applied to software development.,same-topic,Same control topic in the shipped catalogues. Review the evidence scope and implementation for the target; this link does not confer compliance.
KEEN-AF:1.0,TDA-39,custom,Secure coding,Secure coding principles shall be applied to software development.,ISO27001:2022,A.8.28,annex_control,Secure coding,,same-topic,Same control topic in the shipped catalogues. Review the evidence scope and implementation for the target; this link does not confer compliance.
ISO27001:2022,A.8.29,annex_control,Security testing in development and acceptance,,KEEN-AF:1.0,TDA-40,custom,Security testing in development and acceptance,Security testing processes shall be defined and implemented in the development life cycle.,same-topic,Same control topic in the shipped catalogues. Review the evidence scope and implementation for the target; this link does not confer compliance.
KEEN-AF:1.0,TDA-40,custom,Security testing in development and acceptance,Security testing processes shall be defined and implemented in the development life cycle.,ISO27001:2022,A.8.29,annex_control,Security testing in development and acceptance,,same-topic,Same control topic in the shipped catalogues. Review the evidence scope and implementation for the target; this link does not confer compliance.
ISO27001:2022,A.8.30,annex_control,Outsourced development,,KEEN-AF:1.0,TPM-56,custom,Outsourced development,"The organization shall direct, monitor and review the activities related to outsourced system development.",same-topic,Same control topic in the shipped catalogues. Review the evidence scope and implementation for the target; this link does not confer compliance.
KEEN-AF:1.0,TPM-56,custom,Outsourced development,"The organization shall direct, monitor and review the activities related to outsourced system development.",ISO27001:2022,A.8.30,annex_control,Outsourced development,,same-topic,Same control topic in the shipped catalogues. Review the evidence scope and implementation for the target; this link does not confer compliance.
ISO27001:2022,A.8.31,annex_control,"Separation of development, test and production environments",,KEEN-AF:1.0,TDA-41,custom,"Separation of development, test and production environments","Development, testing and production environments shall be separated and secured.",same-topic,Same control topic in the shipped catalogues. Review the evidence scope and implementation for the target; this link does not confer compliance.
KEEN-AF:1.0,TDA-41,custom,"Separation of development, test and production environments","Development, testing and production environments shall be separated and secured.",ISO27001:2022,A.8.31,annex_control,"Separation of development, test and production environments",,same-topic,Same control topic in the shipped catalogues. Review the evidence scope and implementation for the target; this link does not confer compliance.
ISO27001:2022,A.8.32,annex_control,Change management,,KEEN-AF:1.0,CHG-39,custom,Change management,Changes to information processing facilities and information systems shall be subject to change management procedures.,same-topic,Same control topic in the shipped catalogues. Review the evidence scope and implementation for the target; this link does not confer compliance.
KEEN-AF:1.0,CHG-39,custom,Change management,Changes to information processing facilities and information systems shall be subject to change management procedures.,ISO27001:2022,A.8.32,annex_control,Change management,,same-topic,Same control topic in the shipped catalogues. Review the evidence scope and implementation for the target; this link does not confer compliance.
ISO27001:2022,A.8.33,annex_control,Test information,,KEEN-AF:1.0,TDA-42,custom,Test information,"Test information shall be appropriately selected, protected and managed.",same-topic,Same control topic in the shipped catalogues. Review the evidence scope and implementation for the target; this link does not confer compliance.
KEEN-AF:1.0,TDA-42,custom,Test information,"Test information shall be appropriately selected, protected and managed.",ISO27001:2022,A.8.33,annex_control,Test information,,same-topic,Same control topic in the shipped catalogues. Review the evidence scope and implementation for the target; this link does not confer compliance.
ISO27001:2022,A.8.34,annex_control,Protection of information systems during audit testing,,KEEN-AF:1.0,CPL-47,custom,Protection of information systems during audit testing,Audit tests and other assurance activities involving assessment of operational systems shall be planned and agreed between the tester and appropriate management.,same-topic,Same control topic in the shipped catalogues. Review the evidence scope and implementation for the target; this link does not confer compliance.
KEEN-AF:1.0,CPL-47,custom,Protection of information systems during audit testing,Audit tests and other assurance activities involving assessment of operational systems shall be planned and agreed between the tester and appropriate management.,ISO27001:2022,A.8.34,annex_control,Protection of information systems during audit testing,,same-topic,Same control topic in the shipped catalogues. Review the evidence scope and implementation for the target; this link does not confer compliance.
CYBER-ESSENTIALS:2026,A4.1,custom,Network boundary firewalls,,ISO27001:2022,A.8.20,annex_control,Networks security,,partial,Firewall enforcement and approved inbound traffic. Specific Cyber Essentials evidence contributes to this broader control. This one-way link does not import certification or reverse-inherit general evidence into Cyber Essentials.
CYBER-ESSENTIALS:2026,A4.1,custom,Network boundary firewalls,,KEEN-AF:1.0,NET-91,custom,Networks security,"Networks and network devices shall be secured, managed and controlled to protect information in systems and applications.",partial,Firewall enforcement and approved inbound traffic. Specific Cyber Essentials evidence contributes to this broader control. This one-way link does not import certification or reverse-inherit general evidence into Cyber Essentials.
CYBER-ESSENTIALS:2026,A4.1.1,custom,Device software firewalls,,ISO27001:2022,A.8.20,annex_control,Networks security,,partial,Firewall enforcement and approved inbound traffic. Specific Cyber Essentials evidence contributes to this broader control. This one-way link does not import certification or reverse-inherit general evidence into Cyber Essentials.
CYBER-ESSENTIALS:2026,A4.1.1,custom,Device software firewalls,,KEEN-AF:1.0,NET-91,custom,Networks security,"Networks and network devices shall be secured, managed and controlled to protect information in systems and applications.",partial,Firewall enforcement and approved inbound traffic. Specific Cyber Essentials evidence contributes to this broader control. This one-way link does not import certification or reverse-inherit general evidence into Cyber Essentials.
CYBER-ESSENTIALS:2026,A4.7,custom,Unauthenticated inbound connections,,ISO27001:2022,A.8.20,annex_control,Networks security,,partial,Firewall enforcement and approved inbound traffic. Specific Cyber Essentials evidence contributes to this broader control. This one-way link does not import certification or reverse-inherit general evidence into Cyber Essentials.
CYBER-ESSENTIALS:2026,A4.7,custom,Unauthenticated inbound connections,,KEEN-AF:1.0,NET-91,custom,Networks security,"Networks and network devices shall be secured, managed and controlled to protect information in systems and applications.",partial,Firewall enforcement and approved inbound traffic. Specific Cyber Essentials evidence contributes to this broader control. This one-way link does not import certification or reverse-inherit general evidence into Cyber Essentials.
CYBER-ESSENTIALS:2026,A4.8,custom,Approve and document inbound connections,,ISO27001:2022,A.8.20,annex_control,Networks security,,partial,Firewall enforcement and approved inbound traffic. Specific Cyber Essentials evidence contributes to this broader control. This one-way link does not import certification or reverse-inherit general evidence into Cyber Essentials.
CYBER-ESSENTIALS:2026,A4.8,custom,Approve and document inbound connections,,KEEN-AF:1.0,NET-91,custom,Networks security,"Networks and network devices shall be secured, managed and controlled to protect information in systems and applications.",partial,Firewall enforcement and approved inbound traffic. Specific Cyber Essentials evidence contributes to this broader control. This one-way link does not import certification or reverse-inherit general evidence into Cyber Essentials.
CYBER-ESSENTIALS:2026,A4.2,custom,Change default firewall passwords,,ISO27001:2022,A.5.17,annex_control,Authentication information,,partial,Authentication secret management. Specific Cyber Essentials evidence contributes to this broader control. This one-way link does not import certification or reverse-inherit general evidence into Cyber Essentials.
CYBER-ESSENTIALS:2026,A4.2,custom,Change default firewall passwords,,KEEN-AF:1.0,IAC-199,custom,Authentication information,"Allocation and management of authentication information shall be controlled by a management process, including advising personnel on the appropriate handling of authentication information.",partial,Authentication secret management. Specific Cyber Essentials evidence contributes to this broader control. This one-way link does not import certification or reverse-inherit general evidence into Cyber Essentials.
CYBER-ESSENTIALS:2026,A4.3,custom,Firewall password configuration,,ISO27001:2022,A.5.17,annex_control,Authentication information,,partial,Authentication secret management. Specific Cyber Essentials evidence contributes to this broader control. This one-way link does not import certification or reverse-inherit general evidence into Cyber Essentials.
CYBER-ESSENTIALS:2026,A4.3,custom,Firewall password configuration,,KEEN-AF:1.0,IAC-199,custom,Authentication information,"Allocation and management of authentication information shall be controlled by a management process, including advising personnel on the appropriate handling of authentication information.",partial,Authentication secret management. Specific Cyber Essentials evidence contributes to this broader control. This one-way link does not import certification or reverse-inherit general evidence into Cyber Essentials.
CYBER-ESSENTIALS:2026,A4.4,custom,Change compromised firewall passwords,,ISO27001:2022,A.5.17,annex_control,Authentication information,,partial,Authentication secret management. Specific Cyber Essentials evidence contributes to this broader control. This one-way link does not import certification or reverse-inherit general evidence into Cyber Essentials.
CYBER-ESSENTIALS:2026,A4.4,custom,Change compromised firewall passwords,,KEEN-AF:1.0,IAC-199,custom,Authentication information,"Allocation and management of authentication information shall be controlled by a management process, including advising personnel on the appropriate handling of authentication information.",partial,Authentication secret management. Specific Cyber Essentials evidence contributes to this broader control. This one-way link does not import certification or reverse-inherit general evidence into Cyber Essentials.
CYBER-ESSENTIALS:2026,A5.3,custom,Change default account passwords,,ISO27001:2022,A.5.17,annex_control,Authentication information,,partial,Authentication secret management. Specific Cyber Essentials evidence contributes to this broader control. This one-way link does not import certification or reverse-inherit general evidence into Cyber Essentials.
CYBER-ESSENTIALS:2026,A5.3,custom,Change default account passwords,,KEEN-AF:1.0,IAC-199,custom,Authentication information,"Allocation and management of authentication information shall be controlled by a management process, including advising personnel on the appropriate handling of authentication information.",partial,Authentication secret management. Specific Cyber Essentials evidence contributes to this broader control. This one-way link does not import certification or reverse-inherit general evidence into Cyber Essentials.
CYBER-ESSENTIALS:2026,A5.6,custom,Change external service passwords,,ISO27001:2022,A.5.17,annex_control,Authentication information,,partial,Authentication secret management. Specific Cyber Essentials evidence contributes to this broader control. This one-way link does not import certification or reverse-inherit general evidence into Cyber Essentials.
CYBER-ESSENTIALS:2026,A5.6,custom,Change external service passwords,,KEEN-AF:1.0,IAC-199,custom,Authentication information,"Allocation and management of authentication information shall be controlled by a management process, including advising personnel on the appropriate handling of authentication information.",partial,Authentication secret management. Specific Cyber Essentials evidence contributes to this broader control. This one-way link does not import certification or reverse-inherit general evidence into Cyber Essentials.
CYBER-ESSENTIALS:2026,A7.10,custom,Password policy,,ISO27001:2022,A.5.17,annex_control,Authentication information,,partial,Authentication secret management. Specific Cyber Essentials evidence contributes to this broader control. This one-way link does not import certification or reverse-inherit general evidence into Cyber Essentials.
CYBER-ESSENTIALS:2026,A7.10,custom,Password policy,,KEEN-AF:1.0,IAC-199,custom,Authentication information,"Allocation and management of authentication information shall be controlled by a management process, including advising personnel on the appropriate handling of authentication information.",partial,Authentication secret management. Specific Cyber Essentials evidence contributes to this broader control. This one-way link does not import certification or reverse-inherit general evidence into Cyber Essentials.
CYBER-ESSENTIALS:2026,A7.11,custom,Password quality controls,,ISO27001:2022,A.5.17,annex_control,Authentication information,,partial,Authentication secret management. Specific Cyber Essentials evidence contributes to this broader control. This one-way link does not import certification or reverse-inherit general evidence into Cyber Essentials.
CYBER-ESSENTIALS:2026,A7.11,custom,Password quality controls,,KEEN-AF:1.0,IAC-199,custom,Authentication information,"Allocation and management of authentication information shall be controlled by a management process, including advising personnel on the appropriate handling of authentication information.",partial,Authentication secret management. Specific Cyber Essentials evidence contributes to this broader control. This one-way link does not import certification or reverse-inherit general evidence into Cyber Essentials.
CYBER-ESSENTIALS:2026,A7.12,custom,Encourage unique strong passwords,,ISO27001:2022,A.5.17,annex_control,Authentication information,,partial,Authentication secret management. Specific Cyber Essentials evidence contributes to this broader control. This one-way link does not import certification or reverse-inherit general evidence into Cyber Essentials.
CYBER-ESSENTIALS:2026,A7.12,custom,Encourage unique strong passwords,,KEEN-AF:1.0,IAC-199,custom,Authentication information,"Allocation and management of authentication information shall be controlled by a management process, including advising personnel on the appropriate handling of authentication information.",partial,Authentication secret management. Specific Cyber Essentials evidence contributes to this broader control. This one-way link does not import certification or reverse-inherit general evidence into Cyber Essentials.
CYBER-ESSENTIALS:2026,A4.5,custom,Firewall management process,,ISO27001:2022,A.8.9,annex_control,Configuration management,,partial,Secure configuration and review. Specific Cyber Essentials evidence contributes to this broader control. This one-way link does not import certification or reverse-inherit general evidence into Cyber Essentials.
CYBER-ESSENTIALS:2026,A4.5,custom,Firewall management process,,KEEN-AF:1.0,CFG-44,custom,Configuration management,"Configurations, including security configurations, of hardware, software, services and networks shall be established, documented, implemented, monitored and reviewed.",partial,Secure configuration and review. Specific Cyber Essentials evidence contributes to this broader control. This one-way link does not import certification or reverse-inherit general evidence into Cyber Essentials.
CYBER-ESSENTIALS:2026,A4.6,custom,Annual firewall rule review,,ISO27001:2022,A.8.9,annex_control,Configuration management,,partial,Secure configuration and review. Specific Cyber Essentials evidence contributes to this broader control. This one-way link does not import certification or reverse-inherit general evidence into Cyber Essentials.
CYBER-ESSENTIALS:2026,A4.6,custom,Annual firewall rule review,,KEEN-AF:1.0,CFG-44,custom,Configuration management,"Configurations, including security configurations, of hardware, software, services and networks shall be established, documented, implemented, monitored and reviewed.",partial,Secure configuration and review. Specific Cyber Essentials evidence contributes to this broader control. This one-way link does not import certification or reverse-inherit general evidence into Cyber Essentials.
CYBER-ESSENTIALS:2026,A5.1,custom,Remove unused software and services,,ISO27001:2022,A.8.9,annex_control,Configuration management,,partial,Secure configuration and review. Specific Cyber Essentials evidence contributes to this broader control. This one-way link does not import certification or reverse-inherit general evidence into Cyber Essentials.
CYBER-ESSENTIALS:2026,A5.1,custom,Remove unused software and services,,KEEN-AF:1.0,CFG-44,custom,Configuration management,"Configurations, including security configurations, of hardware, software, services and networks shall be established, documented, implemented, monitored and reviewed.",partial,Secure configuration and review. Specific Cyber Essentials evidence contributes to this broader control. This one-way link does not import certification or reverse-inherit general evidence into Cyber Essentials.
CYBER-ESSENTIALS:2026,A5.2,custom,Configure devices securely,,ISO27001:2022,A.8.9,annex_control,Configuration management,,partial,Secure configuration and review. Specific Cyber Essentials evidence contributes to this broader control. This one-way link does not import certification or reverse-inherit general evidence into Cyber Essentials.
CYBER-ESSENTIALS:2026,A5.2,custom,Configure devices securely,,KEEN-AF:1.0,CFG-44,custom,Configuration management,"Configurations, including security configurations, of hardware, software, services and networks shall be established, documented, implemented, monitored and reviewed.",partial,Secure configuration and review. Specific Cyber Essentials evidence contributes to this broader control. This one-way link does not import certification or reverse-inherit general evidence into Cyber Essentials.
CYBER-ESSENTIALS:2026,A5.8,custom,Disable automatic execution of files,,ISO27001:2022,A.8.9,annex_control,Configuration management,,partial,Secure configuration and review. Specific Cyber Essentials evidence contributes to this broader control. This one-way link does not import certification or reverse-inherit general evidence into Cyber Essentials.
CYBER-ESSENTIALS:2026,A5.8,custom,Disable automatic execution of files,,KEEN-AF:1.0,CFG-44,custom,Configuration management,"Configurations, including security configurations, of hardware, software, services and networks shall be established, documented, implemented, monitored and reviewed.",partial,Secure configuration and review. Specific Cyber Essentials evidence contributes to this broader control. This one-way link does not import certification or reverse-inherit general evidence into Cyber Essentials.
CYBER-ESSENTIALS:2026,A4.11,custom,Protect remote firewall configuration access,,ISO27001:2022,A.8.5,annex_control,Secure authentication,,partial,Secure authentication. Specific Cyber Essentials evidence contributes to this broader control. This one-way link does not import certification or reverse-inherit general evidence into Cyber Essentials.
CYBER-ESSENTIALS:2026,A4.11,custom,Protect remote firewall configuration access,,KEEN-AF:1.0,IAC-203,custom,Secure authentication,Secure authentication technologies and procedures shall be implemented based on information access restrictions and the topic-specific policy on access control.,partial,Secure authentication. Specific Cyber Essentials evidence contributes to this broader control. This one-way link does not import certification or reverse-inherit general evidence into Cyber Essentials.
CYBER-ESSENTIALS:2026,A5.5,custom,Authentication for external services,,ISO27001:2022,A.8.5,annex_control,Secure authentication,,partial,Secure authentication. Specific Cyber Essentials evidence contributes to this broader control. This one-way link does not import certification or reverse-inherit general evidence into Cyber Essentials.
CYBER-ESSENTIALS:2026,A5.5,custom,Authentication for external services,,KEEN-AF:1.0,IAC-203,custom,Secure authentication,Secure authentication technologies and procedures shall be implemented based on information access restrictions and the topic-specific policy on access control.,partial,Secure authentication. Specific Cyber Essentials evidence contributes to this broader control. This one-way link does not import certification or reverse-inherit general evidence into Cyber Essentials.
CYBER-ESSENTIALS:2026,A5.7,custom,Protect passwords when MFA is absent,,ISO27001:2022,A.8.5,annex_control,Secure authentication,,partial,Secure authentication. Specific Cyber Essentials evidence contributes to this broader control. This one-way link does not import certification or reverse-inherit general evidence into Cyber Essentials.
CYBER-ESSENTIALS:2026,A5.7,custom,Protect passwords when MFA is absent,,KEEN-AF:1.0,IAC-203,custom,Secure authentication,Secure authentication technologies and procedures shall be implemented based on information access restrictions and the topic-specific policy on access control.,partial,Secure authentication. Specific Cyber Essentials evidence contributes to this broader control. This one-way link does not import certification or reverse-inherit general evidence into Cyber Essentials.
CYBER-ESSENTIALS:2026,A5.10,custom,Device unlock method,,ISO27001:2022,A.8.5,annex_control,Secure authentication,,partial,Secure authentication. Specific Cyber Essentials evidence contributes to this broader control. This one-way link does not import certification or reverse-inherit general evidence into Cyber Essentials.
CYBER-ESSENTIALS:2026,A5.10,custom,Device unlock method,,KEEN-AF:1.0,IAC-203,custom,Secure authentication,Secure authentication technologies and procedures shall be implemented based on information access restrictions and the topic-specific policy on access control.,partial,Secure authentication. Specific Cyber Essentials evidence contributes to this broader control. This one-way link does not import certification or reverse-inherit general evidence into Cyber Essentials.
CYBER-ESSENTIALS:2026,A7.16,custom,MFA for cloud administrators,,ISO27001:2022,A.8.5,annex_control,Secure authentication,,partial,Secure authentication. Specific Cyber Essentials evidence contributes to this broader control. This one-way link does not import certification or reverse-inherit general evidence into Cyber Essentials.
CYBER-ESSENTIALS:2026,A7.16,custom,MFA for cloud administrators,,KEEN-AF:1.0,IAC-203,custom,Secure authentication,Secure authentication technologies and procedures shall be implemented based on information access restrictions and the topic-specific policy on access control.,partial,Secure authentication. Specific Cyber Essentials evidence contributes to this broader control. This one-way link does not import certification or reverse-inherit general evidence into Cyber Essentials.
CYBER-ESSENTIALS:2026,A7.17,custom,MFA for cloud users,,ISO27001:2022,A.8.5,annex_control,Secure authentication,,partial,Secure authentication. Specific Cyber Essentials evidence contributes to this broader control. This one-way link does not import certification or reverse-inherit general evidence into Cyber Essentials.
CYBER-ESSENTIALS:2026,A7.17,custom,MFA for cloud users,,KEEN-AF:1.0,IAC-203,custom,Secure authentication,Secure authentication technologies and procedures shall be implemented based on information access restrictions and the topic-specific policy on access control.,partial,Secure authentication. Specific Cyber Essentials evidence contributes to this broader control. This one-way link does not import certification or reverse-inherit general evidence into Cyber Essentials.
CYBER-ESSENTIALS:2026,A5.9,custom,Device screen locking,,ISO27001:2022,A.7.7,annex_control,Clear desk and clear screen,,partial,Unattended screen protection. Specific Cyber Essentials evidence contributes to this broader control. This one-way link does not import certification or reverse-inherit general evidence into Cyber Essentials.
CYBER-ESSENTIALS:2026,A5.9,custom,Device screen locking,,KEEN-AF:1.0,PES-78,custom,Clear desk and clear screen,Clear desk rules for papers and removable storage media and clear screen rules for information processing facilities shall be defined and appropriately enforced.,partial,Unattended screen protection. Specific Cyber Essentials evidence contributes to this broader control. This one-way link does not import certification or reverse-inherit general evidence into Cyber Essentials.
CYBER-ESSENTIALS:2026,A6.1,custom,Supported operating systems,,ISO27001:2022,A.8.8,annex_control,Management of technical vulnerabilities,,partial,Supported software and security update remediation. Specific Cyber Essentials evidence contributes to this broader control. This one-way link does not import certification or reverse-inherit general evidence into Cyber Essentials.
CYBER-ESSENTIALS:2026,A6.1,custom,Supported operating systems,,KEEN-AF:1.0,VPM-75,custom,Management of technical vulnerabilities,"Information about technical vulnerabilities of information systems in use shall be obtained, the organisation's exposure to such vulnerabilities should be evaluated and appropriate measures should be taken.",partial,Supported software and security update remediation. Specific Cyber Essentials evidence contributes to this broader control. This one-way link does not import certification or reverse-inherit general evidence into Cyber Essentials.
CYBER-ESSENTIALS:2026,A6.2,custom,Supported software,,ISO27001:2022,A.8.8,annex_control,Management of technical vulnerabilities,,partial,Supported software and security update remediation. Specific Cyber Essentials evidence contributes to this broader control. This one-way link does not import certification or reverse-inherit general evidence into Cyber Essentials.
CYBER-ESSENTIALS:2026,A6.2,custom,Supported software,,KEEN-AF:1.0,VPM-75,custom,Management of technical vulnerabilities,"Information about technical vulnerabilities of information systems in use shall be obtained, the organisation's exposure to such vulnerabilities should be evaluated and appropriate measures should be taken.",partial,Supported software and security update remediation. Specific Cyber Essentials evidence contributes to this broader control. This one-way link does not import certification or reverse-inherit general evidence into Cyber Essentials.
CYBER-ESSENTIALS:2026,A6.4,custom,Critical operating system and firewall updates within 14 days,,ISO27001:2022,A.8.8,annex_control,Management of technical vulnerabilities,,partial,Supported software and security update remediation. Specific Cyber Essentials evidence contributes to this broader control. This one-way link does not import certification or reverse-inherit general evidence into Cyber Essentials.
CYBER-ESSENTIALS:2026,A6.4,custom,Critical operating system and firewall updates within 14 days,,KEEN-AF:1.0,VPM-75,custom,Management of technical vulnerabilities,"Information about technical vulnerabilities of information systems in use shall be obtained, the organisation's exposure to such vulnerabilities should be evaluated and appropriate measures should be taken.",partial,Supported software and security update remediation. Specific Cyber Essentials evidence contributes to this broader control. This one-way link does not import certification or reverse-inherit general evidence into Cyber Essentials.
CYBER-ESSENTIALS:2026,A6.5,custom,Critical application updates within 14 days,,ISO27001:2022,A.8.8,annex_control,Management of technical vulnerabilities,,partial,Supported software and security update remediation. Specific Cyber Essentials evidence contributes to this broader control. This one-way link does not import certification or reverse-inherit general evidence into Cyber Essentials.
CYBER-ESSENTIALS:2026,A6.5,custom,Critical application updates within 14 days,,KEEN-AF:1.0,VPM-75,custom,Management of technical vulnerabilities,"Information about technical vulnerabilities of information systems in use shall be obtained, the organisation's exposure to such vulnerabilities should be evaluated and appropriate measures should be taken.",partial,Supported software and security update remediation. Specific Cyber Essentials evidence contributes to this broader control. This one-way link does not import certification or reverse-inherit general evidence into Cyber Essentials.
CYBER-ESSENTIALS:2026,A6.6,custom,Remove unsupported software,,ISO27001:2022,A.8.8,annex_control,Management of technical vulnerabilities,,partial,Supported software and security update remediation. Specific Cyber Essentials evidence contributes to this broader control. This one-way link does not import certification or reverse-inherit general evidence into Cyber Essentials.
CYBER-ESSENTIALS:2026,A6.6,custom,Remove unsupported software,,KEEN-AF:1.0,VPM-75,custom,Management of technical vulnerabilities,"Information about technical vulnerabilities of information systems in use shall be obtained, the organisation's exposure to such vulnerabilities should be evaluated and appropriate measures should be taken.",partial,Supported software and security update remediation. Specific Cyber Essentials evidence contributes to this broader control. This one-way link does not import certification or reverse-inherit general evidence into Cyber Essentials.
CYBER-ESSENTIALS:2026,A6.2.1,custom,Internet browser inventory,,ISO27001:2022,A.5.9,annex_control,Inventory of information and other associated assets,,partial,Software inventory. Specific Cyber Essentials evidence contributes to this broader control. This one-way link does not import certification or reverse-inherit general evidence into Cyber Essentials.
CYBER-ESSENTIALS:2026,A6.2.1,custom,Internet browser inventory,,KEEN-AF:1.0,AST-66,custom,Inventory of information and other associated assets,"An inventory of information and other associated assets, including owners, shall be developed and maintained.",partial,Software inventory. Specific Cyber Essentials evidence contributes to this broader control. This one-way link does not import certification or reverse-inherit general evidence into Cyber Essentials.
CYBER-ESSENTIALS:2026,A6.2.2,custom,Malware protection software inventory,,ISO27001:2022,A.5.9,annex_control,Inventory of information and other associated assets,,partial,Software inventory. Specific Cyber Essentials evidence contributes to this broader control. This one-way link does not import certification or reverse-inherit general evidence into Cyber Essentials.
CYBER-ESSENTIALS:2026,A6.2.2,custom,Malware protection software inventory,,KEEN-AF:1.0,AST-66,custom,Inventory of information and other associated assets,"An inventory of information and other associated assets, including owners, shall be developed and maintained.",partial,Software inventory. Specific Cyber Essentials evidence contributes to this broader control. This one-way link does not import certification or reverse-inherit general evidence into Cyber Essentials.
CYBER-ESSENTIALS:2026,A6.2.3,custom,Email application inventory,,ISO27001:2022,A.5.9,annex_control,Inventory of information and other associated assets,,partial,Software inventory. Specific Cyber Essentials evidence contributes to this broader control. This one-way link does not import certification or reverse-inherit general evidence into Cyber Essentials.
CYBER-ESSENTIALS:2026,A6.2.3,custom,Email application inventory,,KEEN-AF:1.0,AST-66,custom,Inventory of information and other associated assets,"An inventory of information and other associated assets, including owners, shall be developed and maintained.",partial,Software inventory. Specific Cyber Essentials evidence contributes to this broader control. This one-way link does not import certification or reverse-inherit general evidence into Cyber Essentials.
CYBER-ESSENTIALS:2026,A6.2.4,custom,Office application inventory,,ISO27001:2022,A.5.9,annex_control,Inventory of information and other associated assets,,partial,Software inventory. Specific Cyber Essentials evidence contributes to this broader control. This one-way link does not import certification or reverse-inherit general evidence into Cyber Essentials.
CYBER-ESSENTIALS:2026,A6.2.4,custom,Office application inventory,,KEEN-AF:1.0,AST-66,custom,Inventory of information and other associated assets,"An inventory of information and other associated assets, including owners, shall be developed and maintained.",partial,Software inventory. Specific Cyber Essentials evidence contributes to this broader control. This one-way link does not import certification or reverse-inherit general evidence into Cyber Essentials.
CYBER-ESSENTIALS:2026,A6.3.1,custom,Inventory of unsupported services,,ISO27001:2022,A.5.9,annex_control,Inventory of information and other associated assets,,partial,Software inventory. Specific Cyber Essentials evidence contributes to this broader control. This one-way link does not import certification or reverse-inherit general evidence into Cyber Essentials.
CYBER-ESSENTIALS:2026,A6.3.1,custom,Inventory of unsupported services,,KEEN-AF:1.0,AST-66,custom,Inventory of information and other associated assets,"An inventory of information and other associated assets, including owners, shall be developed and maintained.",partial,Software inventory. Specific Cyber Essentials evidence contributes to this broader control. This one-way link does not import certification or reverse-inherit general evidence into Cyber Essentials.
CYBER-ESSENTIALS:2026,A6.7,custom,Isolate devices requiring unsupported software,,ISO27001:2022,A.8.22,annex_control,Segregation of networks,,partial,Network isolation. Specific Cyber Essentials evidence contributes to this broader control. This one-way link does not import certification or reverse-inherit general evidence into Cyber Essentials.
CYBER-ESSENTIALS:2026,A6.7,custom,Isolate devices requiring unsupported software,,KEEN-AF:1.0,NET-93,custom,Segregation of networks,"Groups of information services, users and information systems shall be segregated in the organization‚Äôs networks.",partial,Network isolation. Specific Cyber Essentials evidence contributes to this broader control. This one-way link does not import certification or reverse-inherit general evidence into Cyber Essentials.
CYBER-ESSENTIALS:2026,A7.1,custom,Account provisioning approval,,ISO27001:2022,A.5.18,annex_control,Access rights,,partial,Access approval and revocation. Specific Cyber Essentials evidence contributes to this broader control. This one-way link does not import certification or reverse-inherit general evidence into Cyber Essentials.
CYBER-ESSENTIALS:2026,A7.1,custom,Account provisioning approval,,KEEN-AF:1.0,IAC-200,custom,Access rights,"Access rights to information and other associated assets shall be provisioned, reviewed, modified and removed in accordance with the organization‚Äôs topic-specific policy on and rules for access control.",partial,Access approval and revocation. Specific Cyber Essentials evidence contributes to this broader control. This one-way link does not import certification or reverse-inherit general evidence into Cyber Essentials.
CYBER-ESSENTIALS:2026,A7.3,custom,Deactivate former staff accounts,,ISO27001:2022,A.5.18,annex_control,Access rights,,partial,Access approval and revocation. Specific Cyber Essentials evidence contributes to this broader control. This one-way link does not import certification or reverse-inherit general evidence into Cyber Essentials.
CYBER-ESSENTIALS:2026,A7.3,custom,Deactivate former staff accounts,,KEEN-AF:1.0,IAC-200,custom,Access rights,"Access rights to information and other associated assets shall be provisioned, reviewed, modified and removed in accordance with the organization‚Äôs topic-specific policy on and rules for access control.",partial,Access approval and revocation. Specific Cyber Essentials evidence contributes to this broader control. This one-way link does not import certification or reverse-inherit general evidence into Cyber Essentials.
CYBER-ESSENTIALS:2026,A7.2,custom,Unique account credentials,,ISO27001:2022,A.5.16,annex_control,Identity management,,partial,Individual identities. Specific Cyber Essentials evidence contributes to this broader control. This one-way link does not import certification or reverse-inherit general evidence into Cyber Essentials.
CYBER-ESSENTIALS:2026,A7.2,custom,Unique account credentials,,KEEN-AF:1.0,IAC-198,custom,Identity management,The full life cycle of identities shall be managed.,partial,Individual identities. Specific Cyber Essentials evidence contributes to this broader control. This one-way link does not import certification or reverse-inherit general evidence into Cyber Essentials.
CYBER-ESSENTIALS:2026,A7.4,custom,Least privilege access,,ISO27001:2022,A.8.3,annex_control,Information access restriction,,partial,Least privilege. Specific Cyber Essentials evidence contributes to this broader control. This one-way link does not import certification or reverse-inherit general evidence into Cyber Essentials.
CYBER-ESSENTIALS:2026,A7.4,custom,Least privilege access,,KEEN-AF:1.0,IAC-202,custom,Information access restriction,Access to information and other associated assets shall be restricted in accordance with the established topic-specific policy on access control.,partial,Least privilege. Specific Cyber Essentials evidence contributes to this broader control. This one-way link does not import certification or reverse-inherit general evidence into Cyber Essentials.
CYBER-ESSENTIALS:2026,A7.5,custom,Administrative access approval,,ISO27001:2022,A.8.2,annex_control,Privileged access rights,,partial,Privileged access control. Specific Cyber Essentials evidence contributes to this broader control. This one-way link does not import certification or reverse-inherit general evidence into Cyber Essentials.
CYBER-ESSENTIALS:2026,A7.5,custom,Administrative access approval,,KEEN-AF:1.0,IAC-201,custom,Privileged access rights,The allocation and use of privileged access rights shall be restricted and managed.,partial,Privileged access control. Specific Cyber Essentials evidence contributes to this broader control. This one-way link does not import certification or reverse-inherit general evidence into Cyber Essentials.
CYBER-ESSENTIALS:2026,A7.6,custom,Separate administrative accounts,,ISO27001:2022,A.8.2,annex_control,Privileged access rights,,partial,Privileged access control. Specific Cyber Essentials evidence contributes to this broader control. This one-way link does not import certification or reverse-inherit general evidence into Cyber Essentials.
CYBER-ESSENTIALS:2026,A7.6,custom,Separate administrative accounts,,KEEN-AF:1.0,IAC-201,custom,Privileged access rights,The allocation and use of privileged access rights shall be restricted and managed.,partial,Privileged access control. Specific Cyber Essentials evidence contributes to this broader control. This one-way link does not import certification or reverse-inherit general evidence into Cyber Essentials.
CYBER-ESSENTIALS:2026,A7.7,custom,Restrict routine use of administrative accounts,,ISO27001:2022,A.8.2,annex_control,Privileged access rights,,partial,Privileged access control. Specific Cyber Essentials evidence contributes to this broader control. This one-way link does not import certification or reverse-inherit general evidence into Cyber Essentials.
CYBER-ESSENTIALS:2026,A7.7,custom,Restrict routine use of administrative accounts,,KEEN-AF:1.0,IAC-201,custom,Privileged access rights,The allocation and use of privileged access rights shall be restricted and managed.,partial,Privileged access control. Specific Cyber Essentials evidence contributes to this broader control. This one-way link does not import certification or reverse-inherit general evidence into Cyber Essentials.
CYBER-ESSENTIALS:2026,A7.8,custom,Track administrative accounts,,ISO27001:2022,A.8.2,annex_control,Privileged access rights,,partial,Privileged access control. Specific Cyber Essentials evidence contributes to this broader control. This one-way link does not import certification or reverse-inherit general evidence into Cyber Essentials.
CYBER-ESSENTIALS:2026,A7.8,custom,Track administrative accounts,,KEEN-AF:1.0,IAC-201,custom,Privileged access rights,The allocation and use of privileged access rights shall be restricted and managed.,partial,Privileged access control. Specific Cyber Essentials evidence contributes to this broader control. This one-way link does not import certification or reverse-inherit general evidence into Cyber Essentials.
CYBER-ESSENTIALS:2026,A7.9,custom,Review administrative access,,ISO27001:2022,A.8.2,annex_control,Privileged access rights,,partial,Privileged access control. Specific Cyber Essentials evidence contributes to this broader control. This one-way link does not import certification or reverse-inherit general evidence into Cyber Essentials.
CYBER-ESSENTIALS:2026,A7.9,custom,Review administrative access,,KEEN-AF:1.0,IAC-201,custom,Privileged access rights,The allocation and use of privileged access rights shall be restricted and managed.,partial,Privileged access control. Specific Cyber Essentials evidence contributes to this broader control. This one-way link does not import certification or reverse-inherit general evidence into Cyber Essentials.
CYBER-ESSENTIALS:2026,A7.13,custom,Respond to compromised accounts,,ISO27001:2022,A.5.26,annex_control,Response to information security incidents,,partial,Compromised-account response. Specific Cyber Essentials evidence contributes to this broader control. This one-way link does not import certification or reverse-inherit general evidence into Cyber Essentials.
CYBER-ESSENTIALS:2026,A7.13,custom,Respond to compromised accounts,,KEEN-AF:1.0,IRO-93,custom,Response to information security incidents,Information security incidents shall be responded to in accordance with the documented procedures.,partial,Compromised-account response. Specific Cyber Essentials evidence contributes to this broader control. This one-way link does not import certification or reverse-inherit general evidence into Cyber Essentials.
CYBER-ESSENTIALS:2026,A8.1,custom,Protect devices from malware,,ISO27001:2022,A.8.7,annex_control,Protection against malware,,partial,Malware prevention. Specific Cyber Essentials evidence contributes to this broader control. This one-way link does not import certification or reverse-inherit general evidence into Cyber Essentials.
CYBER-ESSENTIALS:2026,A8.1,custom,Protect devices from malware,,KEEN-AF:1.0,END-41,custom,Protection against malware,Protection against malware shall be implemented and supported by appropriate user awareness.,partial,Malware prevention. Specific Cyber Essentials evidence contributes to this broader control. This one-way link does not import certification or reverse-inherit general evidence into Cyber Essentials.
CYBER-ESSENTIALS:2026,A8.2,custom,Anti-malware signature updates,,ISO27001:2022,A.8.7,annex_control,Protection against malware,,partial,Malware prevention. Specific Cyber Essentials evidence contributes to this broader control. This one-way link does not import certification or reverse-inherit general evidence into Cyber Essentials.
CYBER-ESSENTIALS:2026,A8.2,custom,Anti-malware signature updates,,KEEN-AF:1.0,END-41,custom,Protection against malware,Protection against malware shall be implemented and supported by appropriate user awareness.,partial,Malware prevention. Specific Cyber Essentials evidence contributes to this broader control. This one-way link does not import certification or reverse-inherit general evidence into Cyber Essentials.
CYBER-ESSENTIALS:2026,A8.3,custom,Anti-malware scanning,,ISO27001:2022,A.8.7,annex_control,Protection against malware,,partial,Malware prevention. Specific Cyber Essentials evidence contributes to this broader control. This one-way link does not import certification or reverse-inherit general evidence into Cyber Essentials.
CYBER-ESSENTIALS:2026,A8.3,custom,Anti-malware scanning,,KEEN-AF:1.0,END-41,custom,Protection against malware,Protection against malware shall be implemented and supported by appropriate user awareness.,partial,Malware prevention. Specific Cyber Essentials evidence contributes to this broader control. This one-way link does not import certification or reverse-inherit general evidence into Cyber Essentials.
CYBER-ESSENTIALS:2026,A8.4,custom,Restrict installation to approved app stores,,ISO27001:2022,A.8.7,annex_control,Protection against malware,,partial,Malware prevention. Specific Cyber Essentials evidence contributes to this broader control. This one-way link does not import certification or reverse-inherit general evidence into Cyber Essentials.
CYBER-ESSENTIALS:2026,A8.4,custom,Restrict installation to approved app stores,,KEEN-AF:1.0,END-41,custom,Protection against malware,Protection against malware shall be implemented and supported by appropriate user awareness.,partial,Malware prevention. Specific Cyber Essentials evidence contributes to this broader control. This one-way link does not import certification or reverse-inherit general evidence into Cyber Essentials.
CYBER-ESSENTIALS:2026,A8.5,custom,Application signing verification,,ISO27001:2022,A.8.7,annex_control,Protection against malware,,partial,Malware prevention. Specific Cyber Essentials evidence contributes to this broader control. This one-way link does not import certification or reverse-inherit general evidence into Cyber Essentials.
CYBER-ESSENTIALS:2026,A8.5,custom,Application signing verification,,KEEN-AF:1.0,END-41,custom,Protection against malware,Protection against malware shall be implemented and supported by appropriate user awareness.,partial,Malware prevention. Specific Cyber Essentials evidence contributes to this broader control. This one-way link does not import certification or reverse-inherit general evidence into Cyber Essentials.
ISO27001:2022,A.5.12,annex_control,Classification of information,,UK-DVSTF:1.0,11.6.1.d,trust_framework_control,Confidentiality controls — 11.6.1.d,,partial,Information classification: supporting evidence only; review the full DVSTF requirement and service scope separately.
KEEN-AF:1.0,DCH-107,custom,Classification of information,"Information shall be classified according to the information security needs of the organization based on confidentiality, integrity, availability and relevant interested party requirements.",UK-DVSTF:1.0,11.6.1.d,trust_framework_control,Confidentiality controls — 11.6.1.d,,partial,Information classification: supporting evidence only; review the full DVSTF requirement and service scope separately.
ISO27001:2022,A.8.13,annex_control,Information backup,,UK-DVSTF:1.0,11.6.3.a,trust_framework_control,Availability controls — 11.6.3.a,,partial,Backup policy and recovery objectives: supporting evidence only; review the full DVSTF requirement and service scope separately.
KEEN-AF:1.0,BCD-69,custom,Information backup,"Backup copies of information, software and systems shall be maintained and regularly tested in accordance with the agreed topic-specific policy on backup.",UK-DVSTF:1.0,11.6.3.a,trust_framework_control,Availability controls — 11.6.3.a,,partial,Backup policy and recovery objectives: supporting evidence only; review the full DVSTF requirement and service scope separately.
ISO27001:2022,A.5.30,annex_control,ICT readiness for business continuity,,UK-DVSTF:1.0,11.6.3.b,trust_framework_control,Availability controls — 11.6.3.b,,partial,Continuity and recovery planning: supporting evidence only; review the full DVSTF requirement and service scope separately.
KEEN-AF:1.0,BCD-68,custom,ICT readiness for business continuity,"ICT readiness shall be planned, implemented, maintained and tested based on business continuity objectives and ICT continuity requirements.",UK-DVSTF:1.0,11.6.3.b,trust_framework_control,Availability controls — 11.6.3.b,,partial,Continuity and recovery planning: supporting evidence only; review the full DVSTF requirement and service scope separately.
ISO27001:2022,A.8.14,annex_control,Redundancy of information processing facilities,,UK-DVSTF:1.0,11.6.3.c,trust_framework_control,Availability controls — 11.6.3.c,,partial,Avoiding single points of failure: supporting evidence only; review the full DVSTF requirement and service scope separately.
KEEN-AF:1.0,BCD-70,custom,Redundancy of information processing facilities,Information processing facilities shall be implemented with redundancy sufficient to meet availability requirements.,UK-DVSTF:1.0,11.6.3.c,trust_framework_control,Availability controls — 11.6.3.c,,partial,Avoiding single points of failure: supporting evidence only; review the full DVSTF requirement and service scope separately.
ISO27001:2022,A.8.20,annex_control,Networks security,,UK-DVSTF:1.0,11.6.4.a,trust_framework_control,Technical security controls — 11.6.4.a,,partial,Documented network protection: supporting evidence only; review the full DVSTF requirement and service scope separately.
KEEN-AF:1.0,NET-91,custom,Networks security,"Networks and network devices shall be secured, managed and controlled to protect information in systems and applications.",UK-DVSTF:1.0,11.6.4.a,trust_framework_control,Technical security controls — 11.6.4.a,,partial,Documented network protection: supporting evidence only; review the full DVSTF requirement and service scope separately.
ISO27001:2022,A.6.3,annex_control,"Information security awareness, education and training",,UK-DVSTF:1.0,11.6.5.a,trust_framework_control,Organisational security controls — 11.6.5.a,,partial,Staff security training: supporting evidence only; review the full DVSTF requirement and service scope separately.
KEEN-AF:1.0,SAT-44,custom,"Information security awareness, education and training","Personnel of the organization and relevant interested parties shall receive appropriate information security awareness, education and training and regular updates of the organization's information security policy, topic-specific policies and procedures, as relevant for their job function.",UK-DVSTF:1.0,11.6.5.a,trust_framework_control,Organisational security controls — 11.6.5.a,,partial,Staff security training: supporting evidence only; review the full DVSTF requirement and service scope separately.
ISO27001:2022,A.7.1,annex_control,Physical security perimeters,,UK-DVSTF:1.0,11.6.6.a,trust_framework_control,Physical security controls — 11.6.6.a,,partial,Physical perimeter safeguards: supporting evidence only; review the full DVSTF requirement and service scope separately.
KEEN-AF:1.0,PES-72,custom,Physical security perimeters,Security perimeters shall be defined and used to protect areas that contain information and other associated assets.,UK-DVSTF:1.0,11.6.6.a,trust_framework_control,Physical security controls — 11.6.6.a,,partial,Physical perimeter safeguards: supporting evidence only; review the full DVSTF requirement and service scope separately.
ISO27001:2022,A.7.2,annex_control,Physical entry,,UK-DVSTF:1.0,11.6.6.a,trust_framework_control,Physical security controls — 11.6.6.a,,partial,Physical access safeguards: supporting evidence only; review the full DVSTF requirement and service scope separately.
KEEN-AF:1.0,PES-73,custom,Physical entry,Secure areas shall be protected by appropriate entry controls and access points.,UK-DVSTF:1.0,11.6.6.a,trust_framework_control,Physical security controls — 11.6.6.a,,partial,Physical access safeguards: supporting evidence only; review the full DVSTF requirement and service scope separately.
ISO27001:2022,A.5.36,annex_control,"Conformance with policies, rules and standards for information security",,UK-DVSTF:1.0,11.6.7.a,trust_framework_control,Security governance — 11.6.7.a,,partial,Security policy adherence: supporting evidence only; review the full DVSTF requirement and service scope separately.
KEEN-AF:1.0,CPL-46,custom,"Compliance with policies, rules and standards for information security","Compliance with the organization‚Äôs information security policy, topic-specific policies, rules and standards shall be regularly reviewed.",UK-DVSTF:1.0,11.6.7.a,trust_framework_control,Security governance — 11.6.7.a,,partial,Security policy adherence: supporting evidence only; review the full DVSTF requirement and service scope separately.
ISO27001:2022,A.5.33,annex_control,Protection of records,,UK-DVSTF:1.0,11.8.1.a,trust_framework_control,Records management policy — 11.8.1.a,,partial,Records management policy: supporting evidence only; review the full DVSTF requirement and service scope separately.
KEEN-AF:1.0,DCH-109,custom,Protection of records,"Records shall be protected from loss, destruction, falsification, unauthorized access and unauthorized release.",UK-DVSTF:1.0,11.8.1.a,trust_framework_control,Records management policy — 11.8.1.a,,partial,Records management policy: supporting evidence only; review the full DVSTF requirement and service scope separately.
ISO27001:2022,A.8.10,annex_control,Information deletion,,UK-DVSTF:1.0,11.8.3.a,trust_framework_control,Records disposal — 11.8.3.a,,partial,Secure records disposal: supporting evidence only; review the full DVSTF requirement and service scope separately.
KEEN-AF:1.0,DCH-110,custom,Information deletion,"Information stored in information systems, devices or in any other storage media shall be deleted when no longer required.",UK-DVSTF:1.0,11.8.3.a,trust_framework_control,Records disposal — 11.8.3.a,,partial,Secure records disposal: supporting evidence only; review the full DVSTF requirement and service scope separately.
ISO27001:2022,A.5.24,annex_control,Information security incident management planning and preparation,,UK-DVSTF:1.0,12.5.a,trust_framework_control,Incident response baseline — 12.5.a,,partial,Incident response preparation: supporting evidence only; review the full DVSTF requirement and service scope separately.
KEEN-AF:1.0,IRO-91,custom,Information security incident management planning and preparation,"The organization shall plan and prepare for managing information security incidents by defining, establishing and communicating information security incident management processes, roles and responsibilities.",UK-DVSTF:1.0,12.5.a,trust_framework_control,Incident response baseline — 12.5.a,,partial,Incident response preparation: supporting evidence only; review the full DVSTF requirement and service scope separately.
ISO27001:2022,A.5.34,annex_control,Privacy and protection of PII,,UK-DVSTF:1.0,12.7.a,trust_framework_control,Privacy and data protection baseline — 12.7.a,,partial,Privacy and data protection: supporting evidence only; review the full DVSTF requirement and service scope separately.
KEEN-AF:1.0,PRI-224,custom,Privacy and protection of PII,The organization shall identify and meet the requirements regarding the preservation of privacy and protection of PII according to applicable laws and regulations and contractual requirements.,UK-DVSTF:1.0,12.7.a,trust_framework_control,Privacy and data protection baseline — 12.7.a,,partial,Privacy and data protection: supporting evidence only; review the full DVSTF requirement and service scope separately.
